2026-04-06 13:37:14,561 INFO o.a.j.u.JMeterUtils: Setting Locale to en_EN
2026-04-06 13:37:14,574 INFO o.a.j.JMeter: Loading user properties from: /opt/homebrew/Cellar/jmeter/5.6.3/libexec/bin/user.properties
2026-04-06 13:37:14,575 INFO o.a.j.JMeter: Loading system properties from: /opt/homebrew/Cellar/jmeter/5.6.3/libexec/bin/system.properties
2026-04-06 13:37:14,578 INFO o.a.j.JMeter: Copyright (c) 1998-2024 The Apache Software Foundation
2026-04-06 13:37:14,578 INFO o.a.j.JMeter: Version 5.6.3
2026-04-06 13:37:14,578 INFO o.a.j.JMeter: java.version=21.0.10
2026-04-06 13:37:14,578 INFO o.a.j.JMeter: java.vm.name=OpenJDK 64-Bit Server VM
2026-04-06 13:37:14,578 INFO o.a.j.JMeter: os.name=Mac OS X
2026-04-06 13:37:14,578 INFO o.a.j.JMeter: os.arch=aarch64
2026-04-06 13:37:14,578 INFO o.a.j.JMeter: os.version=14.5
2026-04-06 13:37:14,578 INFO o.a.j.JMeter: file.encoding=UTF-8
2026-04-06 13:37:14,578 INFO o.a.j.JMeter: java.awt.headless=null
2026-04-06 13:37:14,578 INFO o.a.j.JMeter: Max memory     =1073741824
2026-04-06 13:37:14,578 INFO o.a.j.JMeter: Available Processors =8
2026-04-06 13:37:14,585 INFO o.a.j.JMeter: Default Locale=English (EN)
2026-04-06 13:37:14,585 INFO o.a.j.JMeter: JMeter  Locale=English (EN)
2026-04-06 13:37:14,585 INFO o.a.j.JMeter: JMeterHome=/opt/homebrew/Cellar/jmeter/5.6.3/libexec
2026-04-06 13:37:14,585 INFO o.a.j.JMeter: user.dir  =/Users/egorleskovskey/java/laba1
2026-04-06 13:37:14,585 INFO o.a.j.JMeter: PWD       =/Users/egorleskovskey/java/laba1
2026-04-06 13:37:14,587 INFO o.a.j.JMeter: IP: 127.0.0.1 Name: MacBook-Pro-Egor-2.local FullName: localhost
2026-04-06 13:37:14,594 INFO o.a.j.JMeter: Loaded icon properties from org/apache/jmeter/images/icon.properties
2026-04-06 13:37:14,920 INFO o.a.j.JMeterGuiLauncher: Setting LAF to: com.github.weisj.darklaf.DarkLaf:com.github.weisj.darklaf.theme.DarculaTheme
2026-04-06 13:37:15,854 INFO o.a.j.r.ClassFinder: Will scan jar /opt/homebrew/Cellar/jmeter/5.6.3/libexec/lib/ext/jmeter-plugins-manager-1.9.jar with filter ExtendsClassFilter [parents=[interface org.apache.jmeter.gui.action.Command], inner=false, contains=null, notContains=null]. Consider exposing JMeter plugins via META-INF/services, and add JMeter-Skip-Class-Scanning=true manifest attribute so JMeter can skip classfile scanning
2026-04-06 13:37:15,929 INFO o.a.j.r.ClassFinder: Will scan jar /opt/homebrew/Cellar/jmeter/5.6.3/libexec/lib/ext/jmeter-plugins-manager-1.9.jar with filter ExtendsClassFilter [parents=[interface org.apache.jmeter.gui.plugin.MenuCreator], inner=false, contains=null, notContains=null]. Consider exposing JMeter plugins via META-INF/services, and add JMeter-Skip-Class-Scanning=true manifest attribute so JMeter can skip classfile scanning
2026-04-06 13:37:15,996 INFO o.j.r.JARSourceHTTP: Requesting https://jmeter-plugins.org/repo/?installID=mac_os_x-5b890fb06a524983332134120d3a04db-gui
2026-04-06 13:37:18,431 INFO o.j.r.PluginManager: Plugins Status: [jpgc-plugins-manager=1.9, jmeter-core=5.6.3, jmeter-ftp=5.6.3, jmeter-http=5.6.3, jmeter-jdbc=5.6.3, jmeter-jms=5.6.3, jmeter-junit=5.6.3, jmeter-java=5.6.3, jmeter-ldap=5.6.3, jmeter-mail=5.6.3, jmeter-mongodb=5.6.3, jmeter-native=5.6.3, jmeter-tcp=5.6.3, jmeter-components=5.6.3]
2026-04-06 13:37:18,431 INFO o.j.r.PluginManagerMenuItem: Plugins Manager has upgrades: [jpgc-plugins-manager]
2026-04-06 14:03:11,128 INFO o.a.j.s.FileServer: Default base='/Users/egorleskovskey/java/laba1'
2026-04-06 14:03:11,143 INFO o.a.j.g.a.Load: Loading file: /Users/egorleskovskey/java/laba1/200.jmx
2026-04-06 14:03:11,143 INFO o.a.j.s.FileServer: Set new base='/Users/egorleskovskey/java/laba1'
2026-04-06 14:03:11,247 INFO o.a.j.s.SaveService: Testplan (JMX) version: 2.2. Testlog (JTL) version: 2.2
2026-04-06 14:03:11,252 INFO o.a.j.s.SaveService: Using SaveService properties version 5.0
2026-04-06 14:03:11,253 INFO o.a.j.s.SaveService: Using SaveService properties file encoding UTF-8
2026-04-06 14:03:11,254 INFO o.a.j.s.SaveService: Loading file: /Users/egorleskovskey/java/laba1/200.jmx
2026-04-06 14:03:11,308 INFO o.a.j.p.h.s.HTTPSamplerBase: Parser for text/html is org.apache.jmeter.protocol.http.parser.LagartoBasedHtmlParser
2026-04-06 14:03:11,308 INFO o.a.j.p.h.s.HTTPSamplerBase: Parser for application/xhtml+xml is org.apache.jmeter.protocol.http.parser.LagartoBasedHtmlParser
2026-04-06 14:03:11,308 INFO o.a.j.p.h.s.HTTPSamplerBase: Parser for application/xml is org.apache.jmeter.protocol.http.parser.LagartoBasedHtmlParser
2026-04-06 14:03:11,308 INFO o.a.j.p.h.s.HTTPSamplerBase: Parser for text/xml is org.apache.jmeter.protocol.http.parser.LagartoBasedHtmlParser
2026-04-06 14:03:11,308 INFO o.a.j.p.h.s.HTTPSamplerBase: Parser for text/vnd.wap.wml is org.apache.jmeter.protocol.http.parser.RegexpHTMLParser
2026-04-06 14:03:11,308 INFO o.a.j.p.h.s.HTTPSamplerBase: Parser for text/css is org.apache.jmeter.protocol.http.parser.CssParser
2026-04-06 14:03:11,427 INFO o.a.j.s.SampleResult: Note: Sample TimeStamps are START times
2026-04-06 14:03:11,427 INFO o.a.j.s.SampleResult: sampleresult.default.encoding is set to UTF-8
2026-04-06 14:03:11,427 INFO o.a.j.s.SampleResult: sampleresult.useNanoTime=true
2026-04-06 14:03:11,428 INFO o.a.j.s.SampleResult: sampleresult.nanoThreadSleep=5000
2026-04-06 14:03:11,514 INFO o.a.j.r.ClassFinder: Will scan jar /opt/homebrew/Cellar/jmeter/5.6.3/libexec/lib/ext/jmeter-plugins-manager-1.9.jar with filter ExtendsClassFilter [parents=[interface org.apache.jmeter.visualizers.ResultRenderer], inner=false, contains=null, notContains=null]. Consider exposing JMeter plugins via META-INF/services, and add JMeter-Skip-Class-Scanning=true manifest attribute so JMeter can skip classfile scanning
2026-04-06 14:03:11,527 INFO o.a.j.r.ClassFinder: Will scan jar /opt/homebrew/Cellar/jmeter/5.6.3/libexec/lib/ext/jmeter-plugins-manager-1.9.jar with filter ExtendsClassFilter [parents=[interface org.apache.jmeter.visualizers.RequestView], inner=false, contains=null, notContains=null]. Consider exposing JMeter plugins via META-INF/services, and add JMeter-Skip-Class-Scanning=true manifest attribute so JMeter can skip classfile scanning
2026-04-06 14:03:11,574 INFO o.a.j.s.FileServer: Set new base='/Users/egorleskovskey/java/laba1'
2026-04-06 14:03:18,087 INFO o.a.j.e.StandardJMeterEngine: Running the test!
2026-04-06 14:03:18,088 INFO o.a.j.s.SampleEvent: List of sample_variables: []
2026-04-06 14:03:18,088 INFO o.a.j.s.SampleEvent: List of sample_variables: []
2026-04-06 14:03:18,089 INFO o.a.j.e.u.CompoundVariable: Note: Function class names must contain the string: '.functions.'
2026-04-06 14:03:18,089 INFO o.a.j.e.u.CompoundVariable: Note: Function class names must not contain the string: '.gui.'
2026-04-06 14:03:18,122 INFO o.a.j.r.ClassFinder: Will scan jar /opt/homebrew/Cellar/jmeter/5.6.3/libexec/lib/ext/jmeter-plugins-manager-1.9.jar with filter ExtendsClassFilter [parents=[interface org.apache.jmeter.functions.Function], inner=false, contains=null, notContains=null]. Consider exposing JMeter plugins via META-INF/services, and add JMeter-Skip-Class-Scanning=true manifest attribute so JMeter can skip classfile scanning
2026-04-06 14:03:18,125 INFO o.a.j.g.u.JMeterMenuBar: setRunning(true, *local*)
2026-04-06 14:03:18,158 INFO o.a.j.e.StandardJMeterEngine: Starting ThreadGroup: 1 : users
2026-04-06 14:03:18,158 INFO o.a.j.e.StandardJMeterEngine: Starting 200 threads for group users.
2026-04-06 14:03:18,158 INFO o.a.j.e.StandardJMeterEngine: Thread will continue on error
2026-04-06 14:03:18,158 INFO o.a.j.t.ThreadGroup: Starting thread group... number=1 threads=200 ramp-up=1 delayedStart=false
2026-04-06 14:03:18,160 INFO o.a.j.t.JMeterThread: Thread started: users 1-1
2026-04-06 14:03:18,164 INFO o.a.j.t.JMeterThread: Thread started: users 1-2
2026-04-06 14:03:18,166 INFO o.a.j.p.h.s.HTTPHCAbstractImpl: Local host = MacBook-Pro-Egor-2.local
2026-04-06 14:03:18,170 INFO o.a.j.p.h.s.HTTPHC4Impl: HTTP request retry count = 0
2026-04-06 14:03:18,170 INFO o.a.j.t.JMeterThread: Thread started: users 1-3
2026-04-06 14:03:18,176 INFO o.a.j.t.JMeterThread: Thread started: users 1-4
2026-04-06 14:03:18,182 INFO o.a.j.t.JMeterThread: Thread started: users 1-5
2026-04-06 14:03:18,186 INFO o.a.j.t.JMeterThread: Thread started: users 1-6
2026-04-06 14:03:18,189 INFO o.a.j.t.ThreadGroup: Started thread group number 1
2026-04-06 14:03:18,189 INFO o.a.j.e.StandardJMeterEngine: All thread groups have been started
2026-04-06 14:03:18,192 INFO o.a.j.t.JMeterThread: Thread started: users 1-7
2026-04-06 14:03:18,195 INFO o.a.j.t.JMeterThread: Thread started: users 1-8
2026-04-06 14:03:18,199 INFO o.a.j.t.JMeterThread: Thread started: users 1-9
2026-04-06 14:03:18,208 INFO o.a.j.t.JMeterThread: Thread started: users 1-10
2026-04-06 14:03:18,213 INFO o.a.j.t.JMeterThread: Thread started: users 1-11
2026-04-06 14:03:18,215 INFO o.a.j.t.JMeterThread: Thread started: users 1-12
2026-04-06 14:03:18,224 INFO o.a.j.t.JMeterThread: Thread started: users 1-13
2026-04-06 14:03:18,224 INFO o.a.j.t.JMeterThread: Thread started: users 1-14
2026-04-06 14:03:18,233 INFO o.a.j.t.JMeterThread: Thread started: users 1-15
2026-04-06 14:03:18,238 INFO o.a.j.t.JMeterThread: Thread started: users 1-16
2026-04-06 14:03:18,242 INFO o.a.j.t.JMeterThread: Thread started: users 1-17
2026-04-06 14:03:18,249 INFO o.a.j.t.JMeterThread: Thread started: users 1-18
2026-04-06 14:03:18,254 INFO o.a.j.t.JMeterThread: Thread started: users 1-19
2026-04-06 14:03:18,257 INFO o.a.j.t.JMeterThread: Thread started: users 1-20
2026-04-06 14:03:18,264 INFO o.a.j.t.JMeterThread: Thread started: users 1-21
2026-04-06 14:03:18,265 INFO o.a.j.t.JMeterThread: Thread started: users 1-22
2026-04-06 14:03:18,268 INFO o.a.j.t.JMeterThread: Thread started: users 1-23
2026-04-06 14:03:18,282 INFO o.a.j.t.JMeterThread: Thread started: users 1-24
2026-04-06 14:03:18,282 INFO o.a.j.t.JMeterThread: Thread started: users 1-25
2026-04-06 14:03:18,289 INFO o.a.j.t.JMeterThread: Thread started: users 1-26
2026-04-06 14:03:18,293 INFO o.a.j.t.JMeterThread: Thread started: users 1-27
2026-04-06 14:03:18,298 INFO o.a.j.t.JMeterThread: Thread started: users 1-28
2026-04-06 14:03:18,303 INFO o.a.j.t.JMeterThread: Thread started: users 1-29
2026-04-06 14:03:18,308 INFO o.a.j.t.JMeterThread: Thread started: users 1-30
2026-04-06 14:03:18,313 INFO o.a.j.t.JMeterThread: Thread started: users 1-31
2026-04-06 14:03:18,315 INFO o.a.j.t.JMeterThread: Thread started: users 1-32
2026-04-06 14:03:18,324 INFO o.a.j.t.JMeterThread: Thread started: users 1-33
2026-04-06 14:03:18,329 INFO o.a.j.t.JMeterThread: Thread started: users 1-34
2026-04-06 14:03:18,333 INFO o.a.j.t.JMeterThread: Thread started: users 1-35
2026-04-06 14:03:18,338 INFO o.a.j.t.JMeterThread: Thread started: users 1-36
2026-04-06 14:03:18,340 INFO o.a.j.t.JMeterThread: Thread started: users 1-37
2026-04-06 14:03:18,345 INFO o.a.j.t.JMeterThread: Thread started: users 1-38
2026-04-06 14:03:18,353 INFO o.a.j.t.JMeterThread: Thread started: users 1-39
2026-04-06 14:03:18,357 INFO o.a.j.t.JMeterThread: Thread started: users 1-40
2026-04-06 14:03:18,359 INFO o.a.j.t.JMeterThread: Thread started: users 1-41
2026-04-06 14:03:18,365 INFO o.a.j.t.JMeterThread: Thread started: users 1-42
2026-04-06 14:03:18,368 INFO o.a.j.t.JMeterThread: Thread started: users 1-43
2026-04-06 14:03:18,379 INFO o.a.j.t.JMeterThread: Thread started: users 1-44
2026-04-06 14:03:18,380 INFO o.a.j.t.JMeterThread: Thread started: users 1-45
2026-04-06 14:03:18,383 INFO o.a.j.t.JMeterThread: Thread is done: users 1-9
2026-04-06 14:03:18,383 INFO o.a.j.t.JMeterThread: Thread is done: users 1-5
2026-04-06 14:03:18,383 INFO o.a.j.t.JMeterThread: Thread finished: users 1-9
2026-04-06 14:03:18,383 INFO o.a.j.t.JMeterThread: Thread finished: users 1-5
2026-04-06 14:03:18,384 INFO o.a.j.t.JMeterThread: Thread started: users 1-46
2026-04-06 14:03:18,393 INFO o.a.j.t.JMeterThread: Thread is done: users 1-14
2026-04-06 14:03:18,393 INFO o.a.j.t.JMeterThread: Thread finished: users 1-14
2026-04-06 14:03:18,393 INFO o.a.j.t.JMeterThread: Thread is done: users 1-12
2026-04-06 14:03:18,393 INFO o.a.j.t.JMeterThread: Thread finished: users 1-12
2026-04-06 14:03:18,393 INFO o.a.j.t.JMeterThread: Thread started: users 1-47
2026-04-06 14:03:18,394 INFO o.a.j.t.JMeterThread: Thread is done: users 1-2
2026-04-06 14:03:18,394 INFO o.a.j.t.JMeterThread: Thread finished: users 1-2
2026-04-06 14:03:18,398 INFO o.a.j.t.JMeterThread: Thread started: users 1-48
2026-04-06 14:03:18,403 INFO o.a.j.t.JMeterThread: Thread started: users 1-49
2026-04-06 14:03:18,407 INFO o.a.j.t.JMeterThread: Thread started: users 1-50
2026-04-06 14:03:18,410 INFO o.a.j.t.JMeterThread: Thread started: users 1-51
2026-04-06 14:03:18,418 INFO o.a.j.t.JMeterThread: Thread started: users 1-52
2026-04-06 14:03:18,423 INFO o.a.j.t.JMeterThread: Thread started: users 1-53
2026-04-06 14:03:18,430 INFO o.a.j.t.JMeterThread: Thread started: users 1-54
2026-04-06 14:03:18,434 INFO o.a.j.t.JMeterThread: Thread started: users 1-55
2026-04-06 14:03:18,440 INFO o.a.j.t.JMeterThread: Thread started: users 1-57
2026-04-06 14:03:18,439 INFO o.a.j.t.JMeterThread: Thread started: users 1-56
2026-04-06 14:03:18,448 INFO o.a.j.t.JMeterThread: Thread started: users 1-58
2026-04-06 14:03:18,450 INFO o.a.j.t.JMeterThread: Thread started: users 1-59
2026-04-06 14:03:18,457 INFO o.a.j.t.JMeterThread: Thread started: users 1-60
2026-04-06 14:03:18,459 INFO o.a.j.t.JMeterThread: Thread started: users 1-61
2026-04-06 14:03:18,464 INFO o.a.j.t.JMeterThread: Thread started: users 1-62
2026-04-06 14:03:18,474 INFO o.a.j.t.JMeterThread: Thread started: users 1-63
2026-04-06 14:03:18,479 INFO o.a.j.t.JMeterThread: Thread started: users 1-64
2026-04-06 14:03:18,484 INFO o.a.j.t.JMeterThread: Thread started: users 1-65
2026-04-06 14:03:18,484 INFO o.a.j.t.JMeterThread: Thread started: users 1-66
2026-04-06 14:03:18,489 INFO o.a.j.t.JMeterThread: Thread started: users 1-67
2026-04-06 14:03:18,499 INFO o.a.j.t.JMeterThread: Thread started: users 1-68
2026-04-06 14:03:18,501 INFO o.a.j.t.JMeterThread: Thread started: users 1-69
2026-04-06 14:03:18,508 INFO o.a.j.t.JMeterThread: Thread started: users 1-70
2026-04-06 14:03:18,513 INFO o.a.j.t.JMeterThread: Thread started: users 1-71
2026-04-06 14:03:18,519 INFO o.a.j.t.JMeterThread: Thread started: users 1-72
2026-04-06 14:03:18,523 INFO o.a.j.t.JMeterThread: Thread started: users 1-73
2026-04-06 14:03:18,528 INFO o.a.j.t.JMeterThread: Thread started: users 1-74
2026-04-06 14:03:18,532 INFO o.a.j.t.JMeterThread: Thread started: users 1-75
2026-04-06 14:03:18,533 INFO o.a.j.t.JMeterThread: Thread started: users 1-76
2026-04-06 14:03:18,538 INFO o.a.j.t.JMeterThread: Thread started: users 1-77
2026-04-06 14:03:18,548 INFO o.a.j.t.JMeterThread: Thread started: users 1-78
2026-04-06 14:03:18,553 INFO o.a.j.t.JMeterThread: Thread is done: users 1-3
2026-04-06 14:03:18,553 INFO o.a.j.t.JMeterThread: Thread is done: users 1-13
2026-04-06 14:03:18,553 INFO o.a.j.t.JMeterThread: Thread is done: users 1-10
2026-04-06 14:03:18,553 INFO o.a.j.t.JMeterThread: Thread finished: users 1-3
2026-04-06 14:03:18,553 INFO o.a.j.t.JMeterThread: Thread finished: users 1-10
2026-04-06 14:03:18,553 INFO o.a.j.t.JMeterThread: Thread finished: users 1-13
2026-04-06 14:03:18,554 INFO o.a.j.t.JMeterThread: Thread is done: users 1-8
2026-04-06 14:03:18,554 INFO o.a.j.t.JMeterThread: Thread finished: users 1-8
2026-04-06 14:03:18,554 INFO o.a.j.t.JMeterThread: Thread started: users 1-79
2026-04-06 14:03:18,555 INFO o.a.j.t.JMeterThread: Thread is done: users 1-7
2026-04-06 14:03:18,555 INFO o.a.j.t.JMeterThread: Thread finished: users 1-7
2026-04-06 14:03:18,556 INFO o.a.j.t.JMeterThread: Thread is done: users 1-15
2026-04-06 14:03:18,556 INFO o.a.j.t.JMeterThread: Thread finished: users 1-15
2026-04-06 14:03:18,557 INFO o.a.j.t.JMeterThread: Thread started: users 1-80
2026-04-06 14:03:18,560 INFO o.a.j.t.JMeterThread: Thread started: users 1-81
2026-04-06 14:03:18,563 INFO o.a.j.t.JMeterThread: Thread is done: users 1-11
2026-04-06 14:03:18,563 INFO o.a.j.t.JMeterThread: Thread finished: users 1-11
2026-04-06 14:03:18,568 INFO o.a.j.t.JMeterThread: Thread started: users 1-82
2026-04-06 14:03:18,572 INFO o.a.j.t.JMeterThread: Thread started: users 1-83
2026-04-06 14:03:18,574 INFO o.a.j.t.JMeterThread: Thread started: users 1-84
2026-04-06 14:03:18,583 INFO o.a.j.t.JMeterThread: Thread started: users 1-85
2026-04-06 14:03:18,588 INFO o.a.j.t.JMeterThread: Thread started: users 1-86
2026-04-06 14:03:18,593 INFO o.a.j.t.JMeterThread: Thread started: users 1-87
2026-04-06 14:03:18,598 INFO o.a.j.t.JMeterThread: Thread started: users 1-88
2026-04-06 14:03:18,600 INFO o.a.j.t.JMeterThread: Thread started: users 1-89
2026-04-06 14:03:18,608 INFO o.a.j.t.JMeterThread: Thread started: users 1-90
2026-04-06 14:03:18,613 INFO o.a.j.t.JMeterThread: Thread started: users 1-91
2026-04-06 14:03:18,619 INFO o.a.j.t.JMeterThread: Thread started: users 1-92
2026-04-06 14:03:18,619 INFO o.a.j.t.JMeterThread: Thread is done: users 1-4
2026-04-06 14:03:18,619 INFO o.a.j.t.JMeterThread: Thread finished: users 1-4
2026-04-06 14:03:18,621 INFO o.a.j.t.JMeterThread: Thread is done: users 1-1
2026-04-06 14:03:18,621 INFO o.a.j.t.JMeterThread: Thread finished: users 1-1
2026-04-06 14:03:18,623 INFO o.a.j.t.JMeterThread: Thread started: users 1-93
2026-04-06 14:03:18,628 INFO o.a.j.t.JMeterThread: Thread started: users 1-94
2026-04-06 14:03:18,633 INFO o.a.j.t.JMeterThread: Thread started: users 1-95
2026-04-06 14:03:18,638 INFO o.a.j.t.JMeterThread: Thread started: users 1-96
2026-04-06 14:03:18,642 INFO o.a.j.t.JMeterThread: Thread started: users 1-97
2026-04-06 14:03:18,649 INFO o.a.j.t.JMeterThread: Thread started: users 1-98
2026-04-06 14:03:18,652 INFO o.a.j.t.JMeterThread: Thread started: users 1-99
2026-04-06 14:03:18,655 INFO o.a.j.t.JMeterThread: Thread is done: users 1-30
2026-04-06 14:03:18,655 INFO o.a.j.t.JMeterThread: Thread finished: users 1-30
2026-04-06 14:03:18,657 INFO o.a.j.t.JMeterThread: Thread started: users 1-100
2026-04-06 14:03:18,659 INFO o.a.j.t.JMeterThread: Thread is done: users 1-6
2026-04-06 14:03:18,659 INFO o.a.j.t.JMeterThread: Thread finished: users 1-6
2026-04-06 14:03:18,664 INFO o.a.j.t.JMeterThread: Thread started: users 1-101
2026-04-06 14:03:18,665 INFO o.a.j.t.JMeterThread: Thread started: users 1-102
2026-04-06 14:03:18,669 INFO o.a.j.t.JMeterThread: Thread started: users 1-103
2026-04-06 14:03:18,674 INFO o.a.j.t.JMeterThread: Thread started: users 1-104
2026-04-06 14:03:18,682 INFO o.a.j.t.JMeterThread: Thread started: users 1-105
2026-04-06 14:03:18,688 INFO o.a.j.t.JMeterThread: Thread started: users 1-106
2026-04-06 14:03:18,692 INFO o.a.j.t.JMeterThread: Thread started: users 1-107
2026-04-06 14:03:18,698 INFO o.a.j.t.JMeterThread: Thread started: users 1-108
2026-04-06 14:03:18,699 INFO o.a.j.t.JMeterThread: Thread started: users 1-109
2026-04-06 14:03:18,702 INFO o.a.j.t.JMeterThread: Thread is done: users 1-39
2026-04-06 14:03:18,702 INFO o.a.j.t.JMeterThread: Thread finished: users 1-39
2026-04-06 14:03:18,709 INFO o.a.j.t.JMeterThread: Thread started: users 1-111
2026-04-06 14:03:18,709 INFO o.a.j.t.JMeterThread: Thread started: users 1-110
2026-04-06 14:03:18,715 INFO o.a.j.t.JMeterThread: Thread started: users 1-112
2026-04-06 14:03:18,723 INFO o.a.j.t.JMeterThread: Thread started: users 1-113
2026-04-06 14:03:18,724 INFO o.a.j.t.JMeterThread: Thread started: users 1-114
2026-04-06 14:03:18,733 INFO o.a.j.t.JMeterThread: Thread started: users 1-115
2026-04-06 14:03:18,734 INFO o.a.j.t.JMeterThread: Thread is done: users 1-36
2026-04-06 14:03:18,734 INFO o.a.j.t.JMeterThread: Thread finished: users 1-36
2026-04-06 14:03:18,738 INFO o.a.j.t.JMeterThread: Thread started: users 1-116
2026-04-06 14:03:18,740 INFO o.a.j.t.JMeterThread: Thread started: users 1-117
2026-04-06 14:03:18,749 INFO o.a.j.t.JMeterThread: Thread started: users 1-118
2026-04-06 14:03:18,754 INFO o.a.j.t.JMeterThread: Thread started: users 1-119
2026-04-06 14:03:18,754 INFO o.a.j.t.JMeterThread: Thread started: users 1-120
2026-04-06 14:03:18,755 INFO o.a.j.t.JMeterThread: Thread is done: users 1-23
2026-04-06 14:03:18,755 INFO o.a.j.t.JMeterThread: Thread finished: users 1-23
2026-04-06 14:03:18,756 INFO o.a.j.t.JMeterThread: Thread is done: users 1-21
2026-04-06 14:03:18,757 INFO o.a.j.t.JMeterThread: Thread finished: users 1-21
2026-04-06 14:03:18,762 INFO o.a.j.t.JMeterThread: Thread started: users 1-121
2026-04-06 14:03:18,766 INFO o.a.j.t.JMeterThread: Thread started: users 1-122
2026-04-06 14:03:18,774 INFO o.a.j.t.JMeterThread: Thread started: users 1-123
2026-04-06 14:03:18,774 INFO o.a.j.t.JMeterThread: Thread started: users 1-124
2026-04-06 14:03:18,783 INFO o.a.j.t.JMeterThread: Thread started: users 1-125
2026-04-06 14:03:18,788 INFO o.a.j.t.JMeterThread: Thread started: users 1-126
2026-04-06 14:03:18,789 INFO o.a.j.t.JMeterThread: Thread started: users 1-127
2026-04-06 14:03:18,799 INFO o.a.j.t.JMeterThread: Thread started: users 1-128
2026-04-06 14:03:18,804 INFO o.a.j.t.JMeterThread: Thread started: users 1-129
2026-04-06 14:03:18,809 INFO o.a.j.t.JMeterThread: Thread started: users 1-130
2026-04-06 14:03:18,809 INFO o.a.j.t.JMeterThread: Thread started: users 1-131
2026-04-06 14:03:18,818 INFO o.a.j.t.JMeterThread: Thread started: users 1-132
2026-04-06 14:03:18,823 INFO o.a.j.t.JMeterThread: Thread started: users 1-133
2026-04-06 14:03:18,826 INFO o.a.j.t.JMeterThread: Thread is done: users 1-45
2026-04-06 14:03:18,826 INFO o.a.j.t.JMeterThread: Thread finished: users 1-45
2026-04-06 14:03:18,828 INFO o.a.j.t.JMeterThread: Thread started: users 1-134
2026-04-06 14:03:18,829 INFO o.a.j.t.JMeterThread: Thread started: users 1-135
2026-04-06 14:03:18,840 INFO o.a.j.t.JMeterThread: Thread started: users 1-136
2026-04-06 14:03:18,843 INFO o.a.j.t.JMeterThread: Thread started: users 1-137
2026-04-06 14:03:18,849 INFO o.a.j.t.JMeterThread: Thread started: users 1-138
2026-04-06 14:03:18,854 INFO o.a.j.t.JMeterThread: Thread started: users 1-139
2026-04-06 14:03:18,859 INFO o.a.j.t.JMeterThread: Thread started: users 1-140
2026-04-06 14:03:18,862 INFO o.a.j.t.JMeterThread: Thread started: users 1-141
2026-04-06 14:03:18,868 INFO o.a.j.t.JMeterThread: Thread started: users 1-142
2026-04-06 14:03:18,873 INFO o.a.j.t.JMeterThread: Thread started: users 1-143
2026-04-06 14:03:18,875 INFO o.a.j.t.JMeterThread: Thread started: users 1-144
2026-04-06 14:03:18,881 INFO o.a.j.t.JMeterThread: Thread started: users 1-145
2026-04-06 14:03:18,889 INFO o.a.j.t.JMeterThread: Thread started: users 1-146
2026-04-06 14:03:18,893 INFO o.a.j.t.JMeterThread: Thread started: users 1-147
2026-04-06 14:03:18,898 INFO o.a.j.t.JMeterThread: Thread started: users 1-148
2026-04-06 14:03:18,899 INFO o.a.j.t.JMeterThread: Thread started: users 1-149
2026-04-06 14:03:18,909 INFO o.a.j.t.JMeterThread: Thread started: users 1-150
2026-04-06 14:03:18,914 INFO o.a.j.t.JMeterThread: Thread started: users 1-151
2026-04-06 14:03:18,915 INFO o.a.j.t.JMeterThread: Thread started: users 1-152
2026-04-06 14:03:18,923 INFO o.a.j.t.JMeterThread: Thread started: users 1-153
2026-04-06 14:03:18,928 INFO o.a.j.t.JMeterThread: Thread started: users 1-154
2026-04-06 14:03:18,932 INFO o.a.j.t.JMeterThread: Thread started: users 1-155
2026-04-06 14:03:18,938 INFO o.a.j.t.JMeterThread: Thread started: users 1-156
2026-04-06 14:03:18,940 INFO o.a.j.t.JMeterThread: Thread started: users 1-157
2026-04-06 14:03:18,944 INFO o.a.j.t.JMeterThread: Thread is done: users 1-26
2026-04-06 14:03:18,944 INFO o.a.j.t.JMeterThread: Thread finished: users 1-26
2026-04-06 14:03:18,944 INFO o.a.j.t.JMeterThread: Thread is done: users 1-70
2026-04-06 14:03:18,944 INFO o.a.j.t.JMeterThread: Thread is done: users 1-19
2026-04-06 14:03:18,944 INFO o.a.j.t.JMeterThread: Thread finished: users 1-70
2026-04-06 14:03:18,944 INFO o.a.j.t.JMeterThread: Thread finished: users 1-19
2026-04-06 14:03:18,945 INFO o.a.j.t.JMeterThread: Thread started: users 1-158
2026-04-06 14:03:18,954 INFO o.a.j.t.JMeterThread: Thread started: users 1-159
2026-04-06 14:03:18,957 INFO o.a.j.t.JMeterThread: Thread started: users 1-160
2026-04-06 14:03:18,962 INFO o.a.j.t.JMeterThread: Thread started: users 1-161
2026-04-06 14:03:18,965 INFO o.a.j.t.JMeterThread: Thread started: users 1-162
2026-04-06 14:03:18,973 INFO o.a.j.t.JMeterThread: Thread is done: users 1-54
2026-04-06 14:03:18,973 INFO o.a.j.t.JMeterThread: Thread started: users 1-163
2026-04-06 14:03:18,973 INFO o.a.j.t.JMeterThread: Thread finished: users 1-54
2026-04-06 14:03:18,978 INFO o.a.j.t.JMeterThread: Thread started: users 1-164
2026-04-06 14:03:18,983 INFO o.a.j.t.JMeterThread: Thread started: users 1-165
2026-04-06 14:03:18,988 INFO o.a.j.t.JMeterThread: Thread started: users 1-166
2026-04-06 14:03:18,993 INFO o.a.j.t.JMeterThread: Thread started: users 1-167
2026-04-06 14:03:18,995 INFO o.a.j.t.JMeterThread: Thread started: users 1-168
2026-04-06 14:03:18,999 INFO o.a.j.t.JMeterThread: Thread started: users 1-169
2026-04-06 14:03:19,009 INFO o.a.j.t.JMeterThread: Thread started: users 1-170
2026-04-06 14:03:19,014 INFO o.a.j.t.JMeterThread: Thread started: users 1-171
2026-04-06 14:03:19,019 INFO o.a.j.t.JMeterThread: Thread started: users 1-172
2026-04-06 14:03:19,024 INFO o.a.j.t.JMeterThread: Thread started: users 1-173
2026-04-06 14:03:19,029 INFO o.a.j.t.JMeterThread: Thread started: users 1-174
2026-04-06 14:03:19,032 INFO o.a.j.t.JMeterThread: Thread started: users 1-175
2026-04-06 14:03:19,035 INFO o.a.j.t.JMeterThread: Thread started: users 1-176
2026-04-06 14:03:19,041 INFO o.a.j.t.JMeterThread: Thread started: users 1-177
2026-04-06 14:03:19,048 INFO o.a.j.t.JMeterThread: Thread started: users 1-178
2026-04-06 14:03:19,052 INFO o.a.j.t.JMeterThread: Thread started: users 1-179
2026-04-06 14:03:19,057 INFO o.a.j.t.JMeterThread: Thread started: users 1-180
2026-04-06 14:03:19,064 INFO o.a.j.t.JMeterThread: Thread started: users 1-181
2026-04-06 14:03:19,065 INFO o.a.j.t.JMeterThread: Thread started: users 1-182
2026-04-06 14:03:19,068 INFO o.a.j.t.JMeterThread: Thread started: users 1-183
2026-04-06 14:03:19,074 INFO o.a.j.t.JMeterThread: Thread started: users 1-184
2026-04-06 14:03:19,081 INFO o.a.j.t.JMeterThread: Thread started: users 1-185
2026-04-06 14:03:19,088 INFO o.a.j.t.JMeterThread: Thread started: users 1-186
2026-04-06 14:03:19,091 INFO o.a.j.t.JMeterThread: Thread started: users 1-187
2026-04-06 14:03:19,099 INFO o.a.j.t.JMeterThread: Thread started: users 1-188
2026-04-06 14:03:19,102 INFO o.a.j.t.JMeterThread: Thread started: users 1-189
2026-04-06 14:03:19,106 INFO o.a.j.t.JMeterThread: Thread started: users 1-190
2026-04-06 14:03:19,114 INFO o.a.j.t.JMeterThread: Thread started: users 1-191
2026-04-06 14:03:19,117 INFO o.a.j.t.JMeterThread: Thread started: users 1-192
2026-04-06 14:03:19,123 INFO o.a.j.t.JMeterThread: Thread started: users 1-193
2026-04-06 14:03:19,128 INFO o.a.j.t.JMeterThread: Thread started: users 1-194
2026-04-06 14:03:19,132 INFO o.a.j.t.JMeterThread: Thread started: users 1-195
2026-04-06 14:03:19,138 INFO o.a.j.t.JMeterThread: Thread started: users 1-196
2026-04-06 14:03:19,140 INFO o.a.j.t.JMeterThread: Thread started: users 1-197
2026-04-06 14:03:19,149 INFO o.a.j.t.JMeterThread: Thread started: users 1-198
2026-04-06 14:03:19,154 INFO o.a.j.t.JMeterThread: Thread started: users 1-199
2026-04-06 14:03:19,162 INFO o.a.j.t.JMeterThread: Thread started: users 1-200
2026-04-06 14:03:19,169 INFO o.a.j.t.JMeterThread: Thread is done: users 1-32
2026-04-06 14:03:19,170 INFO o.a.j.t.JMeterThread: Thread finished: users 1-32
2026-04-06 14:03:19,169 INFO o.a.j.t.JMeterThread: Thread is done: users 1-27
2026-04-06 14:03:19,170 INFO o.a.j.t.JMeterThread: Thread finished: users 1-27
2026-04-06 14:03:19,257 INFO o.a.j.t.JMeterThread: Thread is done: users 1-37
2026-04-06 14:03:19,258 INFO o.a.j.t.JMeterThread: Thread finished: users 1-37
2026-04-06 14:03:19,258 INFO o.a.j.t.JMeterThread: Thread is done: users 1-20
2026-04-06 14:03:19,258 INFO o.a.j.t.JMeterThread: Thread finished: users 1-20
2026-04-06 14:03:19,258 INFO o.a.j.t.JMeterThread: Thread is done: users 1-47
2026-04-06 14:03:19,258 INFO o.a.j.t.JMeterThread: Thread finished: users 1-47
2026-04-06 14:03:19,259 INFO o.a.j.t.JMeterThread: Thread is done: users 1-41
2026-04-06 14:03:19,259 INFO o.a.j.t.JMeterThread: Thread finished: users 1-41
2026-04-06 14:03:19,302 INFO o.a.j.t.JMeterThread: Thread is done: users 1-17
2026-04-06 14:03:19,302 INFO o.a.j.t.JMeterThread: Thread finished: users 1-17
2026-04-06 14:03:19,303 INFO o.a.j.t.JMeterThread: Thread is done: users 1-40
2026-04-06 14:03:19,303 INFO o.a.j.t.JMeterThread: Thread finished: users 1-40
2026-04-06 14:03:19,306 INFO o.a.j.t.JMeterThread: Thread is done: users 1-52
2026-04-06 14:03:19,306 INFO o.a.j.t.JMeterThread: Thread finished: users 1-52
2026-04-06 14:03:19,544 INFO o.a.j.t.JMeterThread: Thread is done: users 1-62
2026-04-06 14:03:19,544 INFO o.a.j.t.JMeterThread: Thread is done: users 1-22
2026-04-06 14:03:19,544 INFO o.a.j.t.JMeterThread: Thread finished: users 1-62
2026-04-06 14:03:19,544 INFO o.a.j.t.JMeterThread: Thread finished: users 1-22
2026-04-06 14:03:19,634 INFO o.a.j.t.JMeterThread: Thread is done: users 1-28
2026-04-06 14:03:19,634 INFO o.a.j.t.JMeterThread: Thread is done: users 1-38
2026-04-06 14:03:19,634 INFO o.a.j.t.JMeterThread: Thread finished: users 1-28
2026-04-06 14:03:19,634 INFO o.a.j.t.JMeterThread: Thread finished: users 1-38
2026-04-06 14:03:19,698 INFO o.a.j.t.JMeterThread: Thread is done: users 1-76
2026-04-06 14:03:19,699 INFO o.a.j.t.JMeterThread: Thread finished: users 1-76
2026-04-06 14:03:19,699 INFO o.a.j.t.JMeterThread: Thread is done: users 1-72
2026-04-06 14:03:19,699 INFO o.a.j.t.JMeterThread: Thread finished: users 1-72
2026-04-06 14:03:19,699 INFO o.a.j.t.JMeterThread: Thread is done: users 1-53
2026-04-06 14:03:19,699 INFO o.a.j.t.JMeterThread: Thread finished: users 1-53
2026-04-06 14:03:19,700 INFO o.a.j.t.JMeterThread: Thread is done: users 1-82
2026-04-06 14:03:19,701 INFO o.a.j.t.JMeterThread: Thread finished: users 1-82
2026-04-06 14:03:19,740 INFO o.a.j.t.JMeterThread: Thread is done: users 1-18
2026-04-06 14:03:19,740 INFO o.a.j.t.JMeterThread: Thread finished: users 1-18
2026-04-06 14:03:19,740 INFO o.a.j.t.JMeterThread: Thread is done: users 1-50
2026-04-06 14:03:19,740 INFO o.a.j.t.JMeterThread: Thread finished: users 1-50
2026-04-06 14:03:19,740 INFO o.a.j.t.JMeterThread: Thread is done: users 1-78
2026-04-06 14:03:19,741 INFO o.a.j.t.JMeterThread: Thread finished: users 1-78
2026-04-06 14:03:19,802 INFO o.a.j.t.JMeterThread: Thread is done: users 1-97
2026-04-06 14:03:19,802 INFO o.a.j.t.JMeterThread: Thread finished: users 1-97
2026-04-06 14:03:19,802 INFO o.a.j.t.JMeterThread: Thread is done: users 1-46
2026-04-06 14:03:19,802 INFO o.a.j.t.JMeterThread: Thread finished: users 1-46
2026-04-06 14:03:19,802 INFO o.a.j.t.JMeterThread: Thread is done: users 1-66
2026-04-06 14:03:19,803 INFO o.a.j.t.JMeterThread: Thread finished: users 1-66
2026-04-06 14:03:19,833 INFO o.a.j.t.JMeterThread: Thread is done: users 1-56
2026-04-06 14:03:19,833 INFO o.a.j.t.JMeterThread: Thread finished: users 1-56
2026-04-06 14:03:19,833 INFO o.a.j.t.JMeterThread: Thread is done: users 1-24
2026-04-06 14:03:19,833 INFO o.a.j.t.JMeterThread: Thread finished: users 1-24
2026-04-06 14:03:19,833 INFO o.a.j.t.JMeterThread: Thread is done: users 1-85
2026-04-06 14:03:19,833 INFO o.a.j.t.JMeterThread: Thread finished: users 1-85
2026-04-06 14:03:19,853 INFO o.a.j.t.JMeterThread: Thread is done: users 1-43
2026-04-06 14:03:19,853 INFO o.a.j.t.JMeterThread: Thread finished: users 1-43
2026-04-06 14:03:19,854 INFO o.a.j.t.JMeterThread: Thread is done: users 1-42
2026-04-06 14:03:19,854 INFO o.a.j.t.JMeterThread: Thread finished: users 1-42
2026-04-06 14:03:19,855 INFO o.a.j.t.JMeterThread: Thread is done: users 1-80
2026-04-06 14:03:19,855 INFO o.a.j.t.JMeterThread: Thread finished: users 1-80
2026-04-06 14:03:19,855 INFO o.a.j.t.JMeterThread: Thread is done: users 1-34
2026-04-06 14:03:19,855 INFO o.a.j.t.JMeterThread: Thread finished: users 1-34
2026-04-06 14:03:19,855 INFO o.a.j.t.JMeterThread: Thread is done: users 1-31
2026-04-06 14:03:19,855 INFO o.a.j.t.JMeterThread: Thread finished: users 1-31
2026-04-06 14:03:19,855 INFO o.a.j.t.JMeterThread: Thread is done: users 1-84
2026-04-06 14:03:19,855 INFO o.a.j.t.JMeterThread: Thread finished: users 1-84
2026-04-06 14:03:19,855 INFO o.a.j.t.JMeterThread: Thread is done: users 1-44
2026-04-06 14:03:19,855 INFO o.a.j.t.JMeterThread: Thread finished: users 1-44
2026-04-06 14:03:19,857 INFO o.a.j.t.JMeterThread: Thread is done: users 1-71
2026-04-06 14:03:19,857 INFO o.a.j.t.JMeterThread: Thread finished: users 1-71
2026-04-06 14:03:19,858 INFO o.a.j.t.JMeterThread: Thread is done: users 1-73
2026-04-06 14:03:19,858 INFO o.a.j.t.JMeterThread: Thread finished: users 1-73
2026-04-06 14:03:19,858 INFO o.a.j.t.JMeterThread: Thread is done: users 1-152
2026-04-06 14:03:19,858 INFO o.a.j.t.JMeterThread: Thread is done: users 1-137
2026-04-06 14:03:19,858 INFO o.a.j.t.JMeterThread: Thread finished: users 1-137
2026-04-06 14:03:19,858 INFO o.a.j.t.JMeterThread: Thread finished: users 1-152
2026-04-06 14:03:19,859 INFO o.a.j.t.JMeterThread: Thread is done: users 1-33
2026-04-06 14:03:19,860 INFO o.a.j.t.JMeterThread: Thread finished: users 1-33
2026-04-06 14:03:19,859 INFO o.a.j.t.JMeterThread: Thread is done: users 1-69
2026-04-06 14:03:19,860 INFO o.a.j.t.JMeterThread: Thread finished: users 1-69
2026-04-06 14:03:19,861 INFO o.a.j.t.JMeterThread: Thread is done: users 1-86
2026-04-06 14:03:19,861 INFO o.a.j.t.JMeterThread: Thread finished: users 1-86
2026-04-06 14:03:19,894 INFO o.a.j.t.JMeterThread: Thread is done: users 1-57
2026-04-06 14:03:19,894 INFO o.a.j.t.JMeterThread: Thread finished: users 1-57
2026-04-06 14:03:19,894 INFO o.a.j.t.JMeterThread: Thread is done: users 1-61
2026-04-06 14:03:19,894 INFO o.a.j.t.JMeterThread: Thread finished: users 1-61
2026-04-06 14:03:20,014 INFO o.a.j.t.JMeterThread: Thread is done: users 1-16
2026-04-06 14:03:20,015 INFO o.a.j.t.JMeterThread: Thread finished: users 1-16
2026-04-06 14:03:20,015 INFO o.a.j.t.JMeterThread: Thread is done: users 1-49
2026-04-06 14:03:20,016 INFO o.a.j.t.JMeterThread: Thread is done: users 1-96
2026-04-06 14:03:20,016 INFO o.a.j.t.JMeterThread: Thread finished: users 1-96
2026-04-06 14:03:20,015 INFO o.a.j.t.JMeterThread: Thread is done: users 1-35
2026-04-06 14:03:20,016 INFO o.a.j.t.JMeterThread: Thread finished: users 1-35
2026-04-06 14:03:20,016 INFO o.a.j.t.JMeterThread: Thread finished: users 1-49
2026-04-06 14:03:20,180 INFO o.a.j.t.JMeterThread: Thread is done: users 1-51
2026-04-06 14:03:20,180 INFO o.a.j.t.JMeterThread: Thread finished: users 1-51
2026-04-06 14:03:20,180 INFO o.a.j.t.JMeterThread: Thread is done: users 1-77
2026-04-06 14:03:20,180 INFO o.a.j.t.JMeterThread: Thread is done: users 1-91
2026-04-06 14:03:20,180 INFO o.a.j.t.JMeterThread: Thread finished: users 1-77
2026-04-06 14:03:20,180 INFO o.a.j.t.JMeterThread: Thread finished: users 1-91
2026-04-06 14:03:20,228 INFO o.a.j.t.JMeterThread: Thread is done: users 1-63
2026-04-06 14:03:20,228 INFO o.a.j.t.JMeterThread: Thread is done: users 1-29
2026-04-06 14:03:20,228 INFO o.a.j.t.JMeterThread: Thread finished: users 1-63
2026-04-06 14:03:20,228 INFO o.a.j.t.JMeterThread: Thread is done: users 1-25
2026-04-06 14:03:20,228 INFO o.a.j.t.JMeterThread: Thread finished: users 1-25
2026-04-06 14:03:20,228 INFO o.a.j.t.JMeterThread: Thread is done: users 1-58
2026-04-06 14:03:20,229 INFO o.a.j.t.JMeterThread: Thread finished: users 1-58
2026-04-06 14:03:20,229 INFO o.a.j.t.JMeterThread: Thread finished: users 1-29
2026-04-06 14:03:20,342 INFO o.a.j.t.JMeterThread: Thread is done: users 1-60
2026-04-06 14:03:20,342 INFO o.a.j.t.JMeterThread: Thread finished: users 1-60
2026-04-06 14:03:20,343 INFO o.a.j.t.JMeterThread: Thread is done: users 1-131
2026-04-06 14:03:20,343 INFO o.a.j.t.JMeterThread: Thread finished: users 1-131
2026-04-06 14:03:20,343 INFO o.a.j.t.JMeterThread: Thread is done: users 1-141
2026-04-06 14:03:20,345 INFO o.a.j.t.JMeterThread: Thread is done: users 1-110
2026-04-06 14:03:20,343 INFO o.a.j.t.JMeterThread: Thread finished: users 1-141
2026-04-06 14:03:20,347 INFO o.a.j.t.JMeterThread: Thread is done: users 1-94
2026-04-06 14:03:20,347 INFO o.a.j.t.JMeterThread: Thread finished: users 1-94
2026-04-06 14:03:20,347 INFO o.a.j.t.JMeterThread: Thread is done: users 1-83
2026-04-06 14:03:20,347 INFO o.a.j.t.JMeterThread: Thread finished: users 1-83
2026-04-06 14:03:20,348 INFO o.a.j.t.JMeterThread: Thread finished: users 1-110
2026-04-06 14:03:20,503 INFO o.a.j.t.JMeterThread: Thread is done: users 1-154
2026-04-06 14:03:20,503 INFO o.a.j.t.JMeterThread: Thread is done: users 1-119
2026-04-06 14:03:20,504 INFO o.a.j.t.JMeterThread: Thread finished: users 1-154
2026-04-06 14:03:20,504 INFO o.a.j.t.JMeterThread: Thread finished: users 1-119
2026-04-06 14:03:20,504 INFO o.a.j.t.JMeterThread: Thread is done: users 1-146
2026-04-06 14:03:20,504 INFO o.a.j.t.JMeterThread: Thread finished: users 1-146
2026-04-06 14:03:20,505 INFO o.a.j.t.JMeterThread: Thread is done: users 1-65
2026-04-06 14:03:20,505 INFO o.a.j.t.JMeterThread: Thread finished: users 1-65
2026-04-06 14:03:20,506 INFO o.a.j.t.JMeterThread: Thread is done: users 1-93
2026-04-06 14:03:20,506 INFO o.a.j.t.JMeterThread: Thread finished: users 1-93
2026-04-06 14:03:20,507 INFO o.a.j.t.JMeterThread: Thread is done: users 1-88
2026-04-06 14:03:20,507 INFO o.a.j.t.JMeterThread: Thread finished: users 1-88
2026-04-06 14:03:20,507 INFO o.a.j.t.JMeterThread: Thread is done: users 1-129
2026-04-06 14:03:20,507 INFO o.a.j.t.JMeterThread: Thread is done: users 1-95
2026-04-06 14:03:20,507 INFO o.a.j.t.JMeterThread: Thread finished: users 1-129
2026-04-06 14:03:20,507 INFO o.a.j.t.JMeterThread: Thread is done: users 1-183
2026-04-06 14:03:20,507 INFO o.a.j.t.JMeterThread: Thread finished: users 1-183
2026-04-06 14:03:20,507 INFO o.a.j.t.JMeterThread: Thread is done: users 1-149
2026-04-06 14:03:20,507 INFO o.a.j.t.JMeterThread: Thread finished: users 1-149
2026-04-06 14:03:20,508 INFO o.a.j.t.JMeterThread: Thread is done: users 1-147
2026-04-06 14:03:20,508 INFO o.a.j.t.JMeterThread: Thread finished: users 1-147
2026-04-06 14:03:20,507 INFO o.a.j.t.JMeterThread: Thread finished: users 1-95
2026-04-06 14:03:20,511 INFO o.a.j.t.JMeterThread: Thread is done: users 1-67
2026-04-06 14:03:20,512 INFO o.a.j.t.JMeterThread: Thread finished: users 1-67
2026-04-06 14:03:20,512 INFO o.a.j.t.JMeterThread: Thread is done: users 1-134
2026-04-06 14:03:20,512 INFO o.a.j.t.JMeterThread: Thread finished: users 1-134
2026-04-06 14:03:20,512 INFO o.a.j.t.JMeterThread: Thread is done: users 1-68
2026-04-06 14:03:20,512 INFO o.a.j.t.JMeterThread: Thread finished: users 1-68
2026-04-06 14:03:20,512 INFO o.a.j.t.JMeterThread: Thread is done: users 1-138
2026-04-06 14:03:20,512 INFO o.a.j.t.JMeterThread: Thread finished: users 1-138
2026-04-06 14:03:20,513 INFO o.a.j.t.JMeterThread: Thread is done: users 1-116
2026-04-06 14:03:20,513 INFO o.a.j.t.JMeterThread: Thread is done: users 1-59
2026-04-06 14:03:20,513 INFO o.a.j.t.JMeterThread: Thread finished: users 1-59
2026-04-06 14:03:20,513 INFO o.a.j.t.JMeterThread: Thread is done: users 1-48
2026-04-06 14:03:20,514 INFO o.a.j.t.JMeterThread: Thread finished: users 1-48
2026-04-06 14:03:20,515 INFO o.a.j.t.JMeterThread: Thread is done: users 1-104
2026-04-06 14:03:20,515 INFO o.a.j.t.JMeterThread: Thread is done: users 1-87
2026-04-06 14:03:20,515 INFO o.a.j.t.JMeterThread: Thread is done: users 1-107
2026-04-06 14:03:20,515 INFO o.a.j.t.JMeterThread: Thread finished: users 1-107
2026-04-06 14:03:20,513 INFO o.a.j.t.JMeterThread: Thread is done: users 1-64
2026-04-06 14:03:20,518 INFO o.a.j.t.JMeterThread: Thread finished: users 1-64
2026-04-06 14:03:20,515 INFO o.a.j.t.JMeterThread: Thread finished: users 1-104
2026-04-06 14:03:20,521 INFO o.a.j.t.JMeterThread: Thread is done: users 1-156
2026-04-06 14:03:20,521 INFO o.a.j.t.JMeterThread: Thread finished: users 1-156
2026-04-06 14:03:20,521 INFO o.a.j.t.JMeterThread: Thread is done: users 1-55
2026-04-06 14:03:20,521 INFO o.a.j.t.JMeterThread: Thread finished: users 1-55
2026-04-06 14:03:20,521 INFO o.a.j.t.JMeterThread: Thread is done: users 1-89
2026-04-06 14:03:20,521 INFO o.a.j.t.JMeterThread: Thread finished: users 1-89
2026-04-06 14:03:20,515 INFO o.a.j.t.JMeterThread: Thread is done: users 1-123
2026-04-06 14:03:20,523 INFO o.a.j.t.JMeterThread: Thread is done: users 1-79
2026-04-06 14:03:20,523 INFO o.a.j.t.JMeterThread: Thread finished: users 1-79
2026-04-06 14:03:20,523 INFO o.a.j.t.JMeterThread: Thread finished: users 1-123
2026-04-06 14:03:20,515 INFO o.a.j.t.JMeterThread: Thread is done: users 1-148
2026-04-06 14:03:20,531 INFO o.a.j.t.JMeterThread: Thread finished: users 1-148
2026-04-06 14:03:20,515 INFO o.a.j.t.JMeterThread: Thread is done: users 1-75
2026-04-06 14:03:20,532 INFO o.a.j.t.JMeterThread: Thread finished: users 1-75
2026-04-06 14:03:20,515 INFO o.a.j.t.JMeterThread: Thread finished: users 1-87
2026-04-06 14:03:20,514 INFO o.a.j.t.JMeterThread: Thread finished: users 1-116
2026-04-06 14:03:20,524 INFO o.a.j.t.JMeterThread: Thread is done: users 1-105
2026-04-06 14:03:20,532 INFO o.a.j.t.JMeterThread: Thread finished: users 1-105
2026-04-06 14:03:20,523 INFO o.a.j.t.JMeterThread: Thread is done: users 1-199
2026-04-06 14:03:20,533 INFO o.a.j.t.JMeterThread: Thread finished: users 1-199
2026-04-06 14:03:20,523 INFO o.a.j.t.JMeterThread: Thread is done: users 1-74
2026-04-06 14:03:20,533 INFO o.a.j.t.JMeterThread: Thread finished: users 1-74
2026-04-06 14:03:20,523 INFO o.a.j.t.JMeterThread: Thread is done: users 1-98
2026-04-06 14:03:20,534 INFO o.a.j.t.JMeterThread: Thread finished: users 1-98
2026-04-06 14:03:20,523 INFO o.a.j.t.JMeterThread: Thread is done: users 1-90
2026-04-06 14:03:20,534 INFO o.a.j.t.JMeterThread: Thread finished: users 1-90
2026-04-06 14:03:20,577 INFO o.a.j.t.JMeterThread: Thread is done: users 1-189
2026-04-06 14:03:20,577 INFO o.a.j.t.JMeterThread: Thread finished: users 1-189
2026-04-06 14:03:20,604 INFO o.a.j.t.JMeterThread: Thread is done: users 1-103
2026-04-06 14:03:20,604 INFO o.a.j.t.JMeterThread: Thread finished: users 1-103
2026-04-06 14:03:20,628 INFO o.a.j.t.JMeterThread: Thread is done: users 1-108
2026-04-06 14:03:20,628 INFO o.a.j.t.JMeterThread: Thread finished: users 1-108
2026-04-06 14:03:20,648 INFO o.a.j.t.JMeterThread: Thread is done: users 1-81
2026-04-06 14:03:20,649 INFO o.a.j.t.JMeterThread: Thread finished: users 1-81
2026-04-06 14:03:20,653 INFO o.a.j.t.JMeterThread: Thread is done: users 1-136
2026-04-06 14:03:20,653 INFO o.a.j.t.JMeterThread: Thread finished: users 1-136
2026-04-06 14:03:20,694 INFO o.a.j.t.JMeterThread: Thread is done: users 1-162
2026-04-06 14:03:20,694 INFO o.a.j.t.JMeterThread: Thread finished: users 1-162
2026-04-06 14:03:20,694 INFO o.a.j.t.JMeterThread: Thread is done: users 1-168
2026-04-06 14:03:20,694 INFO o.a.j.t.JMeterThread: Thread finished: users 1-168
2026-04-06 14:03:20,714 INFO o.a.j.t.JMeterThread: Thread is done: users 1-145
2026-04-06 14:03:20,714 INFO o.a.j.t.JMeterThread: Thread finished: users 1-145
2026-04-06 14:03:20,746 INFO o.a.j.t.JMeterThread: Thread is done: users 1-133
2026-04-06 14:03:20,746 INFO o.a.j.t.JMeterThread: Thread finished: users 1-133
2026-04-06 14:03:20,750 INFO o.a.j.t.JMeterThread: Thread is done: users 1-113
2026-04-06 14:03:20,750 INFO o.a.j.t.JMeterThread: Thread finished: users 1-113
2026-04-06 14:03:20,760 INFO o.a.j.t.JMeterThread: Thread is done: users 1-140
2026-04-06 14:03:20,760 INFO o.a.j.t.JMeterThread: Thread finished: users 1-140
2026-04-06 14:03:20,772 INFO o.a.j.t.JMeterThread: Thread is done: users 1-130
2026-04-06 14:03:20,772 INFO o.a.j.t.JMeterThread: Thread finished: users 1-130
2026-04-06 14:03:20,788 INFO o.a.j.t.JMeterThread: Thread is done: users 1-194
2026-04-06 14:03:20,788 INFO o.a.j.t.JMeterThread: Thread finished: users 1-194
2026-04-06 14:03:20,805 INFO o.a.j.t.JMeterThread: Thread is done: users 1-114
2026-04-06 14:03:20,805 INFO o.a.j.t.JMeterThread: Thread finished: users 1-114
2026-04-06 14:03:20,828 INFO o.a.j.t.JMeterThread: Thread is done: users 1-99
2026-04-06 14:03:20,828 INFO o.a.j.t.JMeterThread: Thread finished: users 1-99
2026-04-06 14:03:20,853 INFO o.a.j.t.JMeterThread: Thread is done: users 1-106
2026-04-06 14:03:20,853 INFO o.a.j.t.JMeterThread: Thread finished: users 1-106
2026-04-06 14:03:20,873 INFO o.a.j.t.JMeterThread: Thread is done: users 1-176
2026-04-06 14:03:20,873 INFO o.a.j.t.JMeterThread: Thread finished: users 1-176
2026-04-06 14:03:20,894 INFO o.a.j.t.JMeterThread: Thread is done: users 1-155
2026-04-06 14:03:20,894 INFO o.a.j.t.JMeterThread: Thread finished: users 1-155
2026-04-06 14:03:20,942 INFO o.a.j.t.JMeterThread: Thread is done: users 1-92
2026-04-06 14:03:20,942 INFO o.a.j.t.JMeterThread: Thread finished: users 1-92
2026-04-06 14:03:20,943 INFO o.a.j.t.JMeterThread: Thread is done: users 1-132
2026-04-06 14:03:20,943 INFO o.a.j.t.JMeterThread: Thread finished: users 1-132
2026-04-06 14:03:20,956 INFO o.a.j.t.JMeterThread: Thread is done: users 1-139
2026-04-06 14:03:20,957 INFO o.a.j.t.JMeterThread: Thread finished: users 1-139
2026-04-06 14:03:20,989 INFO o.a.j.t.JMeterThread: Thread is done: users 1-125
2026-04-06 14:03:20,989 INFO o.a.j.t.JMeterThread: Thread finished: users 1-125
2026-04-06 14:03:21,006 INFO o.a.j.t.JMeterThread: Thread is done: users 1-124
2026-04-06 14:03:21,006 INFO o.a.j.t.JMeterThread: Thread finished: users 1-124
2026-04-06 14:03:21,007 INFO o.a.j.t.JMeterThread: Thread is done: users 1-143
2026-04-06 14:03:21,007 INFO o.a.j.t.JMeterThread: Thread finished: users 1-143
2026-04-06 14:03:21,029 INFO o.a.j.t.JMeterThread: Thread is done: users 1-121
2026-04-06 14:03:21,029 INFO o.a.j.t.JMeterThread: Thread finished: users 1-121
2026-04-06 14:03:21,030 INFO o.a.j.t.JMeterThread: Thread is done: users 1-142
2026-04-06 14:03:21,030 INFO o.a.j.t.JMeterThread: Thread finished: users 1-142
2026-04-06 14:03:21,049 INFO o.a.j.t.JMeterThread: Thread is done: users 1-153
2026-04-06 14:03:21,049 INFO o.a.j.t.JMeterThread: Thread finished: users 1-153
2026-04-06 14:03:21,074 INFO o.a.j.t.JMeterThread: Thread is done: users 1-128
2026-04-06 14:03:21,074 INFO o.a.j.t.JMeterThread: Thread finished: users 1-128
2026-04-06 14:03:21,082 INFO o.a.j.t.JMeterThread: Thread is done: users 1-102
2026-04-06 14:03:21,082 INFO o.a.j.t.JMeterThread: Thread finished: users 1-102
2026-04-06 14:03:21,093 INFO o.a.j.t.JMeterThread: Thread is done: users 1-117
2026-04-06 14:03:21,093 INFO o.a.j.t.JMeterThread: Thread finished: users 1-117
2026-04-06 14:03:21,093 INFO o.a.j.t.JMeterThread: Thread is done: users 1-118
2026-04-06 14:03:21,093 INFO o.a.j.t.JMeterThread: Thread finished: users 1-118
2026-04-06 14:03:21,121 INFO o.a.j.t.JMeterThread: Thread is done: users 1-164
2026-04-06 14:03:21,121 INFO o.a.j.t.JMeterThread: Thread finished: users 1-164
2026-04-06 14:03:21,133 INFO o.a.j.t.JMeterThread: Thread is done: users 1-122
2026-04-06 14:03:21,134 INFO o.a.j.t.JMeterThread: Thread finished: users 1-122
2026-04-06 14:03:21,143 INFO o.a.j.t.JMeterThread: Thread is done: users 1-165
2026-04-06 14:03:21,143 INFO o.a.j.t.JMeterThread: Thread finished: users 1-165
2026-04-06 14:03:21,143 INFO o.a.j.t.JMeterThread: Thread is done: users 1-174
2026-04-06 14:03:21,143 INFO o.a.j.t.JMeterThread: Thread finished: users 1-174
2026-04-06 14:03:21,174 INFO o.a.j.t.JMeterThread: Thread is done: users 1-188
2026-04-06 14:03:21,174 INFO o.a.j.t.JMeterThread: Thread finished: users 1-188
2026-04-06 14:03:21,174 INFO o.a.j.t.JMeterThread: Thread is done: users 1-170
2026-04-06 14:03:21,174 INFO o.a.j.t.JMeterThread: Thread finished: users 1-170
2026-04-06 14:03:21,209 INFO o.a.j.t.JMeterThread: Thread is done: users 1-157
2026-04-06 14:03:21,209 INFO o.a.j.t.JMeterThread: Thread finished: users 1-157
2026-04-06 14:03:21,233 INFO o.a.j.t.JMeterThread: Thread is done: users 1-197
2026-04-06 14:03:21,233 INFO o.a.j.t.JMeterThread: Thread finished: users 1-197
2026-04-06 14:03:21,233 INFO o.a.j.t.JMeterThread: Thread is done: users 1-115
2026-04-06 14:03:21,233 INFO o.a.j.t.JMeterThread: Thread finished: users 1-115
2026-04-06 14:03:21,238 INFO o.a.j.t.JMeterThread: Thread is done: users 1-150
2026-04-06 14:03:21,238 INFO o.a.j.t.JMeterThread: Thread finished: users 1-150
2026-04-06 14:03:21,258 INFO o.a.j.t.JMeterThread: Thread is done: users 1-109
2026-04-06 14:03:21,258 INFO o.a.j.t.JMeterThread: Thread finished: users 1-109
2026-04-06 14:03:21,259 INFO o.a.j.t.JMeterThread: Thread is done: users 1-161
2026-04-06 14:03:21,259 INFO o.a.j.t.JMeterThread: Thread finished: users 1-161
2026-04-06 14:03:21,294 INFO o.a.j.t.JMeterThread: Thread is done: users 1-193
2026-04-06 14:03:21,294 INFO o.a.j.t.JMeterThread: Thread finished: users 1-193
2026-04-06 14:03:21,294 INFO o.a.j.t.JMeterThread: Thread is done: users 1-163
2026-04-06 14:03:21,295 INFO o.a.j.t.JMeterThread: Thread finished: users 1-163
2026-04-06 14:03:21,296 INFO o.a.j.t.JMeterThread: Thread is done: users 1-135
2026-04-06 14:03:21,296 INFO o.a.j.t.JMeterThread: Thread finished: users 1-135
2026-04-06 14:03:21,323 INFO o.a.j.t.JMeterThread: Thread is done: users 1-191
2026-04-06 14:03:21,323 INFO o.a.j.t.JMeterThread: Thread finished: users 1-191
2026-04-06 14:03:21,349 INFO o.a.j.t.JMeterThread: Thread is done: users 1-172
2026-04-06 14:03:21,349 INFO o.a.j.t.JMeterThread: Thread finished: users 1-172
2026-04-06 14:03:21,351 INFO o.a.j.t.JMeterThread: Thread is done: users 1-120
2026-04-06 14:03:21,351 INFO o.a.j.t.JMeterThread: Thread finished: users 1-120
2026-04-06 14:03:21,356 INFO o.a.j.t.JMeterThread: Thread is done: users 1-185
2026-04-06 14:03:21,356 INFO o.a.j.t.JMeterThread: Thread finished: users 1-185
2026-04-06 14:03:21,360 INFO o.a.j.t.JMeterThread: Thread is done: users 1-169
2026-04-06 14:03:21,361 INFO o.a.j.t.JMeterThread: Thread finished: users 1-169
2026-04-06 14:03:21,367 INFO o.a.j.t.JMeterThread: Thread is done: users 1-186
2026-04-06 14:03:21,367 INFO o.a.j.t.JMeterThread: Thread finished: users 1-186
2026-04-06 14:03:21,378 INFO o.a.j.t.JMeterThread: Thread is done: users 1-190
2026-04-06 14:03:21,378 INFO o.a.j.t.JMeterThread: Thread finished: users 1-190
2026-04-06 14:03:21,409 INFO o.a.j.t.JMeterThread: Thread is done: users 1-196
2026-04-06 14:03:21,409 INFO o.a.j.t.JMeterThread: Thread finished: users 1-196
2026-04-06 14:03:21,412 INFO o.a.j.t.JMeterThread: Thread is done: users 1-101
2026-04-06 14:03:21,412 INFO o.a.j.t.JMeterThread: Thread finished: users 1-101
2026-04-06 14:03:21,413 INFO o.a.j.t.JMeterThread: Thread is done: users 1-179
2026-04-06 14:03:21,413 INFO o.a.j.t.JMeterThread: Thread finished: users 1-179
2026-04-06 14:03:21,436 INFO o.a.j.t.JMeterThread: Thread is done: users 1-160
2026-04-06 14:03:21,437 INFO o.a.j.t.JMeterThread: Thread finished: users 1-160
2026-04-06 14:03:21,438 INFO o.a.j.t.JMeterThread: Thread is done: users 1-173
2026-04-06 14:03:21,438 INFO o.a.j.t.JMeterThread: Thread finished: users 1-173
2026-04-06 14:03:21,439 INFO o.a.j.t.JMeterThread: Thread is done: users 1-151
2026-04-06 14:03:21,439 INFO o.a.j.t.JMeterThread: Thread finished: users 1-151
2026-04-06 14:03:21,467 INFO o.a.j.t.JMeterThread: Thread is done: users 1-144
2026-04-06 14:03:21,467 INFO o.a.j.t.JMeterThread: Thread finished: users 1-144
2026-04-06 14:03:21,467 INFO o.a.j.t.JMeterThread: Thread is done: users 1-175
2026-04-06 14:03:21,467 INFO o.a.j.t.JMeterThread: Thread finished: users 1-175
2026-04-06 14:03:21,470 INFO o.a.j.t.JMeterThread: Thread is done: users 1-181
2026-04-06 14:03:21,470 INFO o.a.j.t.JMeterThread: Thread finished: users 1-181
2026-04-06 14:03:21,530 INFO o.a.j.t.JMeterThread: Thread is done: users 1-112
2026-04-06 14:03:21,530 INFO o.a.j.t.JMeterThread: Thread finished: users 1-112
2026-04-06 14:03:21,531 INFO o.a.j.t.JMeterThread: Thread is done: users 1-127
2026-04-06 14:03:21,531 INFO o.a.j.t.JMeterThread: Thread finished: users 1-127
2026-04-06 14:03:21,557 INFO o.a.j.t.JMeterThread: Thread is done: users 1-111
2026-04-06 14:03:21,558 INFO o.a.j.t.JMeterThread: Thread finished: users 1-111
2026-04-06 14:03:21,558 INFO o.a.j.t.JMeterThread: Thread is done: users 1-195
2026-04-06 14:03:21,559 INFO o.a.j.t.JMeterThread: Thread finished: users 1-195
2026-04-06 14:03:21,561 INFO o.a.j.t.JMeterThread: Thread is done: users 1-200
2026-04-06 14:03:21,561 INFO o.a.j.t.JMeterThread: Thread finished: users 1-200
2026-04-06 14:03:21,561 INFO o.a.j.t.JMeterThread: Thread is done: users 1-158
2026-04-06 14:03:21,561 INFO o.a.j.t.JMeterThread: Thread finished: users 1-158
2026-04-06 14:03:21,563 INFO o.a.j.t.JMeterThread: Thread is done: users 1-198
2026-04-06 14:03:21,563 INFO o.a.j.t.JMeterThread: Thread finished: users 1-198
2026-04-06 14:03:21,567 INFO o.a.j.t.JMeterThread: Thread is done: users 1-159
2026-04-06 14:03:21,567 INFO o.a.j.t.JMeterThread: Thread finished: users 1-159
2026-04-06 14:03:21,579 INFO o.a.j.t.JMeterThread: Thread is done: users 1-167
2026-04-06 14:03:21,579 INFO o.a.j.t.JMeterThread: Thread finished: users 1-167
2026-04-06 14:03:21,586 INFO o.a.j.t.JMeterThread: Thread is done: users 1-126
2026-04-06 14:03:21,586 INFO o.a.j.t.JMeterThread: Thread finished: users 1-126
2026-04-06 14:03:21,586 INFO o.a.j.t.JMeterThread: Thread is done: users 1-178
2026-04-06 14:03:21,586 INFO o.a.j.t.JMeterThread: Thread finished: users 1-178
2026-04-06 14:03:21,590 INFO o.a.j.t.JMeterThread: Thread is done: users 1-171
2026-04-06 14:03:21,590 INFO o.a.j.t.JMeterThread: Thread finished: users 1-171
2026-04-06 14:03:21,597 INFO o.a.j.t.JMeterThread: Thread is done: users 1-187
2026-04-06 14:03:21,597 INFO o.a.j.t.JMeterThread: Thread finished: users 1-187
2026-04-06 14:03:21,605 INFO o.a.j.t.JMeterThread: Thread is done: users 1-166
2026-04-06 14:03:21,605 INFO o.a.j.t.JMeterThread: Thread finished: users 1-166
2026-04-06 14:03:21,620 INFO o.a.j.t.JMeterThread: Thread is done: users 1-100
2026-04-06 14:03:21,620 INFO o.a.j.t.JMeterThread: Thread finished: users 1-100
2026-04-06 14:03:21,631 INFO o.a.j.t.JMeterThread: Thread is done: users 1-180
2026-04-06 14:03:21,631 INFO o.a.j.t.JMeterThread: Thread finished: users 1-180
2026-04-06 14:03:21,642 INFO o.a.j.t.JMeterThread: Thread is done: users 1-192
2026-04-06 14:03:21,642 INFO o.a.j.t.JMeterThread: Thread finished: users 1-192
2026-04-06 14:03:21,655 INFO o.a.j.t.JMeterThread: Thread is done: users 1-184
2026-04-06 14:03:21,655 INFO o.a.j.t.JMeterThread: Thread finished: users 1-184
2026-04-06 14:03:21,655 INFO o.a.j.t.JMeterThread: Thread is done: users 1-182
2026-04-06 14:03:21,655 INFO o.a.j.t.JMeterThread: Thread finished: users 1-182
2026-04-06 14:03:21,655 INFO o.a.j.t.JMeterThread: Thread is done: users 1-177
2026-04-06 14:03:21,655 INFO o.a.j.t.JMeterThread: Thread finished: users 1-177
2026-04-06 14:03:21,655 INFO o.a.j.e.StandardJMeterEngine: Notifying test listeners of end of test
2026-04-06 14:03:21,656 INFO o.a.j.g.u.JMeterMenuBar: setRunning(false, *local*)
2026-04-06 14:18:11,129 INFO o.a.j.e.StandardJMeterEngine: Running the test!
2026-04-06 14:18:11,130 INFO o.a.j.s.SampleEvent: List of sample_variables: []
2026-04-06 14:18:11,131 INFO o.a.j.g.u.JMeterMenuBar: setRunning(true, *local*)
2026-04-06 14:18:11,185 INFO o.a.j.e.StandardJMeterEngine: Starting ThreadGroup: 1 : users
2026-04-06 14:18:11,185 INFO o.a.j.e.StandardJMeterEngine: Starting 200 threads for group users.
2026-04-06 14:18:11,185 INFO o.a.j.e.StandardJMeterEngine: Thread will continue on error
2026-04-06 14:18:11,185 INFO o.a.j.t.ThreadGroup: Starting thread group... number=1 threads=200 ramp-up=1 delayedStart=false
2026-04-06 14:18:11,186 INFO o.a.j.t.JMeterThread: Thread started: users 1-1
2026-04-06 14:18:11,192 INFO o.a.j.t.JMeterThread: Thread started: users 1-2
2026-04-06 14:18:11,197 INFO o.a.j.t.JMeterThread: Thread started: users 1-3
2026-04-06 14:18:11,201 INFO o.a.j.t.JMeterThread: Thread started: users 1-4
2026-04-06 14:18:11,210 INFO o.a.j.t.JMeterThread: Thread started: users 1-5
2026-04-06 14:18:11,214 INFO o.a.j.t.JMeterThread: Thread started: users 1-6
2026-04-06 14:18:11,221 INFO o.a.j.t.JMeterThread: Thread started: users 1-7
2026-04-06 14:18:11,221 INFO o.a.j.t.JMeterThread: Thread started: users 1-8
2026-04-06 14:18:11,227 INFO o.a.j.t.JMeterThread: Thread started: users 1-9
2026-04-06 14:18:11,232 INFO o.a.j.t.JMeterThread: Thread started: users 1-10
2026-04-06 14:18:11,242 INFO o.a.j.t.JMeterThread: Thread started: users 1-11
2026-04-06 14:18:11,242 INFO o.a.j.t.JMeterThread: Thread is done: users 1-1
2026-04-06 14:18:11,243 INFO o.a.j.t.JMeterThread: Thread finished: users 1-1
2026-04-06 14:18:11,245 INFO o.a.j.t.JMeterThread: Thread started: users 1-12
2026-04-06 14:18:11,249 INFO o.a.j.t.JMeterThread: Thread is done: users 1-3
2026-04-06 14:18:11,249 INFO o.a.j.t.JMeterThread: Thread finished: users 1-3
2026-04-06 14:18:11,250 INFO o.a.j.t.JMeterThread: Thread started: users 1-13
2026-04-06 14:18:11,250 INFO o.a.j.t.JMeterThread: Thread started: users 1-14
2026-04-06 14:18:11,254 INFO o.a.j.t.ThreadGroup: Started thread group number 1
2026-04-06 14:18:11,254 INFO o.a.j.e.StandardJMeterEngine: All thread groups have been started
2026-04-06 14:18:11,258 INFO o.a.j.t.JMeterThread: Thread is done: users 1-2
2026-04-06 14:18:11,258 INFO o.a.j.t.JMeterThread: Thread finished: users 1-2
2026-04-06 14:18:11,260 INFO o.a.j.t.JMeterThread: Thread started: users 1-15
2026-04-06 14:18:11,265 INFO o.a.j.t.JMeterThread: Thread started: users 1-16
2026-04-06 14:18:11,270 INFO o.a.j.t.JMeterThread: Thread started: users 1-17
2026-04-06 14:18:11,275 INFO o.a.j.t.JMeterThread: Thread started: users 1-18
2026-04-06 14:18:11,278 INFO o.a.j.t.JMeterThread: Thread started: users 1-19
2026-04-06 14:18:11,281 INFO o.a.j.t.JMeterThread: Thread started: users 1-20
2026-04-06 14:18:11,285 INFO o.a.j.t.JMeterThread: Thread started: users 1-21
2026-04-06 14:18:11,293 INFO o.a.j.t.JMeterThread: Thread is done: users 1-7
2026-04-06 14:18:11,293 INFO o.a.j.t.JMeterThread: Thread finished: users 1-7
2026-04-06 14:18:11,295 INFO o.a.j.t.JMeterThread: Thread is done: users 1-5
2026-04-06 14:18:11,295 INFO o.a.j.t.JMeterThread: Thread finished: users 1-5
2026-04-06 14:18:11,295 INFO o.a.j.t.JMeterThread: Thread started: users 1-22
2026-04-06 14:18:11,299 INFO o.a.j.t.JMeterThread: Thread is done: users 1-6
2026-04-06 14:18:11,299 INFO o.a.j.t.JMeterThread: Thread finished: users 1-6
2026-04-06 14:18:11,300 INFO o.a.j.t.JMeterThread: Thread started: users 1-23
2026-04-06 14:18:11,306 INFO o.a.j.t.JMeterThread: Thread started: users 1-24
2026-04-06 14:18:11,311 INFO o.a.j.t.JMeterThread: Thread started: users 1-25
2026-04-06 14:18:11,313 INFO o.a.j.t.JMeterThread: Thread started: users 1-26
2026-04-06 14:18:11,322 INFO o.a.j.t.JMeterThread: Thread started: users 1-27
2026-04-06 14:18:11,323 INFO o.a.j.t.JMeterThread: Thread started: users 1-28
2026-04-06 14:18:11,330 INFO o.a.j.t.JMeterThread: Thread started: users 1-29
2026-04-06 14:18:11,335 INFO o.a.j.t.JMeterThread: Thread is done: users 1-12
2026-04-06 14:18:11,335 INFO o.a.j.t.JMeterThread: Thread finished: users 1-12
2026-04-06 14:18:11,335 INFO o.a.j.t.JMeterThread: Thread started: users 1-30
2026-04-06 14:18:11,341 INFO o.a.j.t.JMeterThread: Thread started: users 1-31
2026-04-06 14:18:11,342 INFO o.a.j.t.JMeterThread: Thread started: users 1-32
2026-04-06 14:18:11,351 INFO o.a.j.t.JMeterThread: Thread started: users 1-33
2026-04-06 14:18:11,351 INFO o.a.j.t.JMeterThread: Thread started: users 1-34
2026-04-06 14:18:11,360 INFO o.a.j.t.JMeterThread: Thread started: users 1-35
2026-04-06 14:18:11,361 INFO o.a.j.t.JMeterThread: Thread started: users 1-36
2026-04-06 14:18:11,368 INFO o.a.j.t.JMeterThread: Thread started: users 1-37
2026-04-06 14:18:11,371 INFO o.a.j.t.JMeterThread: Thread started: users 1-38
2026-04-06 14:18:11,378 INFO o.a.j.t.JMeterThread: Thread is done: users 1-13
2026-04-06 14:18:11,378 INFO o.a.j.t.JMeterThread: Thread finished: users 1-13
2026-04-06 14:18:11,379 INFO o.a.j.t.JMeterThread: Thread is done: users 1-18
2026-04-06 14:18:11,379 INFO o.a.j.t.JMeterThread: Thread finished: users 1-18
2026-04-06 14:18:11,379 INFO o.a.j.t.JMeterThread: Thread is done: users 1-14
2026-04-06 14:18:11,379 INFO o.a.j.t.JMeterThread: Thread finished: users 1-14
2026-04-06 14:18:11,380 INFO o.a.j.t.JMeterThread: Thread is done: users 1-8
2026-04-06 14:18:11,380 INFO o.a.j.t.JMeterThread: Thread finished: users 1-8
2026-04-06 14:18:11,380 INFO o.a.j.t.JMeterThread: Thread started: users 1-39
2026-04-06 14:18:11,385 INFO o.a.j.t.JMeterThread: Thread started: users 1-40
2026-04-06 14:18:11,391 INFO o.a.j.t.JMeterThread: Thread started: users 1-42
2026-04-06 14:18:11,391 INFO o.a.j.t.JMeterThread: Thread started: users 1-41
2026-04-06 14:18:11,400 INFO o.a.j.t.JMeterThread: Thread started: users 1-43
2026-04-06 14:18:11,404 INFO o.a.j.t.JMeterThread: Thread started: users 1-44
2026-04-06 14:18:11,410 INFO o.a.j.t.JMeterThread: Thread started: users 1-45
2026-04-06 14:18:11,415 INFO o.a.j.t.JMeterThread: Thread started: users 1-46
2026-04-06 14:18:11,421 INFO o.a.j.t.JMeterThread: Thread started: users 1-47
2026-04-06 14:18:11,426 INFO o.a.j.t.JMeterThread: Thread started: users 1-48
2026-04-06 14:18:11,427 INFO o.a.j.t.JMeterThread: Thread started: users 1-49
2026-04-06 14:18:11,432 INFO o.a.j.t.JMeterThread: Thread started: users 1-50
2026-04-06 14:18:11,435 INFO o.a.j.t.JMeterThread: Thread started: users 1-51
2026-04-06 14:18:11,445 INFO o.a.j.t.JMeterThread: Thread started: users 1-52
2026-04-06 14:18:11,450 INFO o.a.j.t.JMeterThread: Thread started: users 1-53
2026-04-06 14:18:11,455 INFO o.a.j.t.JMeterThread: Thread started: users 1-54
2026-04-06 14:18:11,457 INFO o.a.j.t.JMeterThread: Thread is done: users 1-17
2026-04-06 14:18:11,457 INFO o.a.j.t.JMeterThread: Thread finished: users 1-17
2026-04-06 14:18:11,457 INFO o.a.j.t.JMeterThread: Thread is done: users 1-4
2026-04-06 14:18:11,457 INFO o.a.j.t.JMeterThread: Thread finished: users 1-4
2026-04-06 14:18:11,458 INFO o.a.j.t.JMeterThread: Thread started: users 1-55
2026-04-06 14:18:11,460 INFO o.a.j.t.JMeterThread: Thread is done: users 1-20
2026-04-06 14:18:11,460 INFO o.a.j.t.JMeterThread: Thread finished: users 1-20
2026-04-06 14:18:11,464 INFO o.a.j.t.JMeterThread: Thread is done: users 1-15
2026-04-06 14:18:11,464 INFO o.a.j.t.JMeterThread: Thread finished: users 1-15
2026-04-06 14:18:11,464 INFO o.a.j.t.JMeterThread: Thread is done: users 1-11
2026-04-06 14:18:11,464 INFO o.a.j.t.JMeterThread: Thread finished: users 1-11
2026-04-06 14:18:11,466 INFO o.a.j.t.JMeterThread: Thread started: users 1-56
2026-04-06 14:18:11,471 INFO o.a.j.t.JMeterThread: Thread started: users 1-57
2026-04-06 14:18:11,477 INFO o.a.j.t.JMeterThread: Thread started: users 1-59
2026-04-06 14:18:11,477 INFO o.a.j.t.JMeterThread: Thread started: users 1-58
2026-04-06 14:18:11,486 INFO o.a.j.t.JMeterThread: Thread started: users 1-60
2026-04-06 14:18:11,493 INFO o.a.j.t.JMeterThread: Thread is done: users 1-26
2026-04-06 14:18:11,493 INFO o.a.j.t.JMeterThread: Thread finished: users 1-26
2026-04-06 14:18:11,493 INFO o.a.j.t.JMeterThread: Thread started: users 1-62
2026-04-06 14:18:11,493 INFO o.a.j.t.JMeterThread: Thread started: users 1-61
2026-04-06 14:18:11,499 INFO o.a.j.t.JMeterThread: Thread started: users 1-63
2026-04-06 14:18:11,505 INFO o.a.j.t.JMeterThread: Thread is done: users 1-10
2026-04-06 14:18:11,505 INFO o.a.j.t.JMeterThread: Thread is done: users 1-32
2026-04-06 14:18:11,505 INFO o.a.j.t.JMeterThread: Thread is done: users 1-16
2026-04-06 14:18:11,505 INFO o.a.j.t.JMeterThread: Thread finished: users 1-10
2026-04-06 14:18:11,505 INFO o.a.j.t.JMeterThread: Thread finished: users 1-32
2026-04-06 14:18:11,505 INFO o.a.j.t.JMeterThread: Thread finished: users 1-16
2026-04-06 14:18:11,507 INFO o.a.j.t.JMeterThread: Thread started: users 1-64
2026-04-06 14:18:11,513 INFO o.a.j.t.JMeterThread: Thread started: users 1-65
2026-04-06 14:18:11,513 INFO o.a.j.t.JMeterThread: Thread started: users 1-66
2026-04-06 14:18:11,520 INFO o.a.j.t.JMeterThread: Thread started: users 1-67
2026-04-06 14:18:11,525 INFO o.a.j.t.JMeterThread: Thread started: users 1-68
2026-04-06 14:18:11,530 INFO o.a.j.t.JMeterThread: Thread started: users 1-69
2026-04-06 14:18:11,531 INFO o.a.j.t.JMeterThread: Thread started: users 1-70
2026-04-06 14:18:11,538 INFO o.a.j.t.JMeterThread: Thread started: users 1-71
2026-04-06 14:18:11,542 INFO o.a.j.t.JMeterThread: Thread started: users 1-72
2026-04-06 14:18:11,550 INFO o.a.j.t.JMeterThread: Thread started: users 1-73
2026-04-06 14:18:11,555 INFO o.a.j.t.JMeterThread: Thread started: users 1-74
2026-04-06 14:18:11,560 INFO o.a.j.t.JMeterThread: Thread started: users 1-75
2026-04-06 14:18:11,564 INFO o.a.j.t.JMeterThread: Thread is done: users 1-23
2026-04-06 14:18:11,564 INFO o.a.j.t.JMeterThread: Thread is done: users 1-38
2026-04-06 14:18:11,564 INFO o.a.j.t.JMeterThread: Thread finished: users 1-23
2026-04-06 14:18:11,564 INFO o.a.j.t.JMeterThread: Thread finished: users 1-38
2026-04-06 14:18:11,565 INFO o.a.j.t.JMeterThread: Thread is done: users 1-21
2026-04-06 14:18:11,565 INFO o.a.j.t.JMeterThread: Thread finished: users 1-21
2026-04-06 14:18:11,565 INFO o.a.j.t.JMeterThread: Thread is done: users 1-22
2026-04-06 14:18:11,565 INFO o.a.j.t.JMeterThread: Thread finished: users 1-22
2026-04-06 14:18:11,565 INFO o.a.j.t.JMeterThread: Thread is done: users 1-34
2026-04-06 14:18:11,565 INFO o.a.j.t.JMeterThread: Thread finished: users 1-34
2026-04-06 14:18:11,565 INFO o.a.j.t.JMeterThread: Thread started: users 1-76
2026-04-06 14:18:11,570 INFO o.a.j.t.JMeterThread: Thread started: users 1-77
2026-04-06 14:18:11,572 INFO o.a.j.t.JMeterThread: Thread started: users 1-78
2026-04-06 14:18:11,577 INFO o.a.j.t.JMeterThread: Thread started: users 1-79
2026-04-06 14:18:11,586 INFO o.a.j.t.JMeterThread: Thread started: users 1-80
2026-04-06 14:18:11,590 INFO o.a.j.t.JMeterThread: Thread started: users 1-81
2026-04-06 14:18:11,595 INFO o.a.j.t.JMeterThread: Thread started: users 1-82
2026-04-06 14:18:11,600 INFO o.a.j.t.JMeterThread: Thread started: users 1-83
2026-04-06 14:18:11,605 INFO o.a.j.t.JMeterThread: Thread started: users 1-84
2026-04-06 14:18:11,609 INFO o.a.j.t.JMeterThread: Thread started: users 1-85
2026-04-06 14:18:11,615 INFO o.a.j.t.JMeterThread: Thread started: users 1-86
2026-04-06 14:18:11,620 INFO o.a.j.t.JMeterThread: Thread started: users 1-87
2026-04-06 14:18:11,626 INFO o.a.j.t.JMeterThread: Thread started: users 1-88
2026-04-06 14:18:11,633 INFO o.a.j.t.JMeterThread: Thread started: users 1-89
2026-04-06 14:18:11,633 INFO o.a.j.t.JMeterThread: Thread started: users 1-90
2026-04-06 14:18:11,636 INFO o.a.j.t.JMeterThread: Thread started: users 1-91
2026-04-06 14:18:11,641 INFO o.a.j.t.JMeterThread: Thread started: users 1-92
2026-04-06 14:18:11,650 INFO o.a.j.t.JMeterThread: Thread started: users 1-93
2026-04-06 14:18:11,656 INFO o.a.j.t.JMeterThread: Thread started: users 1-94
2026-04-06 14:18:11,661 INFO o.a.j.t.JMeterThread: Thread started: users 1-95
2026-04-06 14:18:11,666 INFO o.a.j.t.JMeterThread: Thread started: users 1-96
2026-04-06 14:18:11,670 INFO o.a.j.t.JMeterThread: Thread started: users 1-97
2026-04-06 14:18:11,674 INFO o.a.j.t.JMeterThread: Thread is done: users 1-42
2026-04-06 14:18:11,674 INFO o.a.j.t.JMeterThread: Thread finished: users 1-42
2026-04-06 14:18:11,675 INFO o.a.j.t.JMeterThread: Thread is done: users 1-27
2026-04-06 14:18:11,675 INFO o.a.j.t.JMeterThread: Thread finished: users 1-27
2026-04-06 14:18:11,675 INFO o.a.j.t.JMeterThread: Thread is done: users 1-25
2026-04-06 14:18:11,675 INFO o.a.j.t.JMeterThread: Thread finished: users 1-25
2026-04-06 14:18:11,675 INFO o.a.j.t.JMeterThread: Thread started: users 1-98
2026-04-06 14:18:11,680 INFO o.a.j.t.JMeterThread: Thread started: users 1-99
2026-04-06 14:18:11,682 INFO o.a.j.t.JMeterThread: Thread is done: users 1-53
2026-04-06 14:18:11,682 INFO o.a.j.t.JMeterThread: Thread finished: users 1-53
2026-04-06 14:18:11,685 INFO o.a.j.t.JMeterThread: Thread started: users 1-100
2026-04-06 14:18:11,690 INFO o.a.j.t.JMeterThread: Thread started: users 1-101
2026-04-06 14:18:11,695 INFO o.a.j.t.JMeterThread: Thread started: users 1-102
2026-04-06 14:18:11,698 INFO o.a.j.t.JMeterThread: Thread is done: users 1-64
2026-04-06 14:18:11,698 INFO o.a.j.t.JMeterThread: Thread finished: users 1-64
2026-04-06 14:18:11,701 INFO o.a.j.t.JMeterThread: Thread started: users 1-103
2026-04-06 14:18:11,706 INFO o.a.j.t.JMeterThread: Thread started: users 1-104
2026-04-06 14:18:11,709 INFO o.a.j.t.JMeterThread: Thread started: users 1-105
2026-04-06 14:18:11,714 INFO o.a.j.t.JMeterThread: Thread started: users 1-106
2026-04-06 14:18:11,720 INFO o.a.j.t.JMeterThread: Thread started: users 1-107
2026-04-06 14:18:11,724 INFO o.a.j.t.JMeterThread: Thread started: users 1-108
2026-04-06 14:18:11,733 INFO o.a.j.t.JMeterThread: Thread started: users 1-109
2026-04-06 14:18:11,733 INFO o.a.j.t.JMeterThread: Thread started: users 1-110
2026-04-06 14:18:11,740 INFO o.a.j.t.JMeterThread: Thread started: users 1-111
2026-04-06 14:18:11,746 INFO o.a.j.t.JMeterThread: Thread started: users 1-112
2026-04-06 14:18:11,748 INFO o.a.j.t.JMeterThread: Thread started: users 1-113
2026-04-06 14:18:11,756 INFO o.a.j.t.JMeterThread: Thread started: users 1-114
2026-04-06 14:18:11,760 INFO o.a.j.t.JMeterThread: Thread started: users 1-115
2026-04-06 14:18:11,761 INFO o.a.j.t.JMeterThread: Thread started: users 1-116
2026-04-06 14:18:11,772 INFO o.a.j.t.JMeterThread: Thread started: users 1-117
2026-04-06 14:18:11,778 INFO o.a.j.t.JMeterThread: Thread started: users 1-118
2026-04-06 14:18:11,781 INFO o.a.j.t.JMeterThread: Thread started: users 1-119
2026-04-06 14:18:11,782 INFO o.a.j.t.JMeterThread: Thread started: users 1-120
2026-04-06 14:18:11,789 INFO o.a.j.t.JMeterThread: Thread started: users 1-121
2026-04-06 14:18:11,796 INFO o.a.j.t.JMeterThread: Thread started: users 1-122
2026-04-06 14:18:11,801 INFO o.a.j.t.JMeterThread: Thread started: users 1-123
2026-04-06 14:18:11,806 INFO o.a.j.t.JMeterThread: Thread started: users 1-124
2026-04-06 14:18:11,812 INFO o.a.j.t.JMeterThread: Thread started: users 1-125
2026-04-06 14:18:11,813 INFO o.a.j.t.JMeterThread: Thread started: users 1-126
2026-04-06 14:18:11,820 INFO o.a.j.t.JMeterThread: Thread started: users 1-127
2026-04-06 14:18:11,826 INFO o.a.j.t.JMeterThread: Thread started: users 1-128
2026-04-06 14:18:11,827 INFO o.a.j.t.JMeterThread: Thread is done: users 1-46
2026-04-06 14:18:11,827 INFO o.a.j.t.JMeterThread: Thread finished: users 1-46
2026-04-06 14:18:11,828 INFO o.a.j.t.JMeterThread: Thread started: users 1-129
2026-04-06 14:18:11,835 INFO o.a.j.t.JMeterThread: Thread started: users 1-130
2026-04-06 14:18:11,840 INFO o.a.j.t.JMeterThread: Thread started: users 1-131
2026-04-06 14:18:11,845 INFO o.a.j.t.JMeterThread: Thread started: users 1-132
2026-04-06 14:18:11,851 INFO o.a.j.t.JMeterThread: Thread started: users 1-133
2026-04-06 14:18:11,855 INFO o.a.j.t.JMeterThread: Thread started: users 1-134
2026-04-06 14:18:11,856 INFO o.a.j.t.JMeterThread: Thread started: users 1-135
2026-04-06 14:18:11,867 INFO o.a.j.t.JMeterThread: Thread started: users 1-137
2026-04-06 14:18:11,867 INFO o.a.j.t.JMeterThread: Thread started: users 1-136
2026-04-06 14:18:11,872 INFO o.a.j.t.JMeterThread: Thread started: users 1-138
2026-04-06 14:18:11,872 INFO o.a.j.t.JMeterThread: Thread is done: users 1-19
2026-04-06 14:18:11,873 INFO o.a.j.t.JMeterThread: Thread finished: users 1-19
2026-04-06 14:18:11,873 INFO o.a.j.t.JMeterThread: Thread is done: users 1-44
2026-04-06 14:18:11,873 INFO o.a.j.t.JMeterThread: Thread finished: users 1-44
2026-04-06 14:18:11,874 INFO o.a.j.t.JMeterThread: Thread is done: users 1-70
2026-04-06 14:18:11,874 INFO o.a.j.t.JMeterThread: Thread finished: users 1-70
2026-04-06 14:18:11,881 INFO o.a.j.t.JMeterThread: Thread started: users 1-140
2026-04-06 14:18:11,881 INFO o.a.j.t.JMeterThread: Thread started: users 1-139
2026-04-06 14:18:11,892 INFO o.a.j.t.JMeterThread: Thread started: users 1-141
2026-04-06 14:18:11,897 INFO o.a.j.t.JMeterThread: Thread started: users 1-142
2026-04-06 14:18:11,901 INFO o.a.j.t.JMeterThread: Thread is done: users 1-41
2026-04-06 14:18:11,901 INFO o.a.j.t.JMeterThread: Thread finished: users 1-41
2026-04-06 14:18:11,901 INFO o.a.j.t.JMeterThread: Thread is done: users 1-47
2026-04-06 14:18:11,901 INFO o.a.j.t.JMeterThread: Thread finished: users 1-47
2026-04-06 14:18:11,902 INFO o.a.j.t.JMeterThread: Thread started: users 1-143
2026-04-06 14:18:11,905 INFO o.a.j.t.JMeterThread: Thread started: users 1-144
2026-04-06 14:18:11,910 INFO o.a.j.t.JMeterThread: Thread started: users 1-145
2026-04-06 14:18:11,916 INFO o.a.j.t.JMeterThread: Thread started: users 1-146
2026-04-06 14:18:11,916 INFO o.a.j.t.JMeterThread: Thread started: users 1-147
2026-04-06 14:18:11,922 INFO o.a.j.t.JMeterThread: Thread started: users 1-148
2026-04-06 14:18:11,930 INFO o.a.j.t.JMeterThread: Thread started: users 1-149
2026-04-06 14:18:11,935 INFO o.a.j.t.JMeterThread: Thread started: users 1-150
2026-04-06 14:18:11,940 INFO o.a.j.t.JMeterThread: Thread started: users 1-151
2026-04-06 14:18:11,946 INFO o.a.j.t.JMeterThread: Thread started: users 1-152
2026-04-06 14:18:11,951 INFO o.a.j.t.JMeterThread: Thread started: users 1-153
2026-04-06 14:18:11,955 INFO o.a.j.t.JMeterThread: Thread started: users 1-155
2026-04-06 14:18:11,955 INFO o.a.j.t.JMeterThread: Thread started: users 1-154
2026-04-06 14:18:11,968 INFO o.a.j.t.JMeterThread: Thread started: users 1-156
2026-04-06 14:18:11,973 INFO o.a.j.t.JMeterThread: Thread started: users 1-157
2026-04-06 14:18:11,979 INFO o.a.j.t.JMeterThread: Thread started: users 1-158
2026-04-06 14:18:11,979 INFO o.a.j.t.JMeterThread: Thread started: users 1-159
2026-04-06 14:18:11,984 INFO o.a.j.t.JMeterThread: Thread started: users 1-160
2026-04-06 14:18:11,991 INFO o.a.j.t.JMeterThread: Thread started: users 1-161
2026-04-06 14:18:11,993 INFO o.a.j.t.JMeterThread: Thread started: users 1-162
2026-04-06 14:18:11,996 INFO o.a.j.t.JMeterThread: Thread started: users 1-163
2026-04-06 14:18:12,007 INFO o.a.j.t.JMeterThread: Thread started: users 1-164
2026-04-06 14:18:12,012 INFO o.a.j.t.JMeterThread: Thread started: users 1-165
2026-04-06 14:18:12,015 INFO o.a.j.t.JMeterThread: Thread started: users 1-166
2026-04-06 14:18:12,021 INFO o.a.j.t.JMeterThread: Thread started: users 1-167
2026-04-06 14:18:12,024 INFO o.a.j.t.JMeterThread: Thread started: users 1-168
2026-04-06 14:18:12,031 INFO o.a.j.t.JMeterThread: Thread started: users 1-169
2026-04-06 14:18:12,035 INFO o.a.j.t.JMeterThread: Thread started: users 1-170
2026-04-06 14:18:12,040 INFO o.a.j.t.JMeterThread: Thread started: users 1-171
2026-04-06 14:18:12,046 INFO o.a.j.t.JMeterThread: Thread started: users 1-172
2026-04-06 14:18:12,046 INFO o.a.j.t.JMeterThread: Thread is done: users 1-24
2026-04-06 14:18:12,046 INFO o.a.j.t.JMeterThread: Thread finished: users 1-24
2026-04-06 14:18:12,046 INFO o.a.j.t.JMeterThread: Thread is done: users 1-36
2026-04-06 14:18:12,046 INFO o.a.j.t.JMeterThread: Thread finished: users 1-36
2026-04-06 14:18:12,046 INFO o.a.j.t.JMeterThread: Thread is done: users 1-50
2026-04-06 14:18:12,046 INFO o.a.j.t.JMeterThread: Thread finished: users 1-50
2026-04-06 14:18:12,051 INFO o.a.j.t.JMeterThread: Thread started: users 1-173
2026-04-06 14:18:12,056 INFO o.a.j.t.JMeterThread: Thread started: users 1-175
2026-04-06 14:18:12,056 INFO o.a.j.t.JMeterThread: Thread started: users 1-174
2026-04-06 14:18:12,065 INFO o.a.j.t.JMeterThread: Thread started: users 1-176
2026-04-06 14:18:12,071 INFO o.a.j.t.JMeterThread: Thread started: users 1-177
2026-04-06 14:18:12,076 INFO o.a.j.t.JMeterThread: Thread started: users 1-178
2026-04-06 14:18:12,081 INFO o.a.j.t.JMeterThread: Thread started: users 1-179
2026-04-06 14:18:12,085 INFO o.a.j.t.JMeterThread: Thread started: users 1-180
2026-04-06 14:18:12,088 INFO o.a.j.t.JMeterThread: Thread started: users 1-181
2026-04-06 14:18:12,096 INFO o.a.j.t.JMeterThread: Thread started: users 1-182
2026-04-06 14:18:12,099 INFO o.a.j.t.JMeterThread: Thread is done: users 1-33
2026-04-06 14:18:12,099 INFO o.a.j.t.JMeterThread: Thread finished: users 1-33
2026-04-06 14:18:12,105 INFO o.a.j.t.JMeterThread: Thread started: users 1-184
2026-04-06 14:18:12,105 INFO o.a.j.t.JMeterThread: Thread started: users 1-183
2026-04-06 14:18:12,140 INFO o.a.j.t.JMeterThread: Thread started: users 1-190
2026-04-06 14:18:12,142 INFO o.a.j.t.JMeterThread: Thread started: users 1-189
2026-04-06 14:18:12,143 INFO o.a.j.t.JMeterThread: Thread started: users 1-187
2026-04-06 14:18:12,153 INFO o.a.j.t.JMeterThread: Thread started: users 1-191
2026-04-06 14:18:12,155 INFO o.a.j.t.JMeterThread: Thread started: users 1-188
2026-04-06 14:18:12,155 INFO o.a.j.t.JMeterThread: Thread started: users 1-186
2026-04-06 14:18:12,131 INFO o.a.j.t.JMeterThread: Thread started: users 1-185
2026-04-06 14:18:12,160 INFO o.a.j.t.JMeterThread: Thread started: users 1-193
2026-04-06 14:18:12,179 INFO o.a.j.t.JMeterThread: Thread started: users 1-192
2026-04-06 14:18:12,192 INFO o.a.j.t.JMeterThread: Thread started: users 1-194
2026-04-06 14:18:12,208 INFO o.a.j.t.JMeterThread: Thread started: users 1-199
2026-04-06 14:18:12,207 INFO o.a.j.t.JMeterThread: Thread started: users 1-200
2026-04-06 14:18:12,199 INFO o.a.j.t.JMeterThread: Thread started: users 1-195
2026-04-06 14:18:12,213 INFO o.a.j.t.JMeterThread: Thread started: users 1-196
2026-04-06 14:18:12,214 INFO o.a.j.t.JMeterThread: Thread started: users 1-197
2026-04-06 14:18:12,213 INFO o.a.j.t.JMeterThread: Thread started: users 1-198
2026-04-06 14:18:12,795 INFO o.a.j.t.JMeterThread: Thread is done: users 1-29
2026-04-06 14:18:12,795 INFO o.a.j.t.JMeterThread: Thread finished: users 1-29
2026-04-06 14:18:12,795 INFO o.a.j.t.JMeterThread: Thread is done: users 1-37
2026-04-06 14:18:12,795 INFO o.a.j.t.JMeterThread: Thread finished: users 1-37
2026-04-06 14:18:12,911 INFO o.a.j.t.JMeterThread: Thread is done: users 1-60
2026-04-06 14:18:12,911 INFO o.a.j.t.JMeterThread: Thread finished: users 1-60
2026-04-06 14:18:12,911 INFO o.a.j.t.JMeterThread: Thread is done: users 1-40
2026-04-06 14:18:12,911 INFO o.a.j.t.JMeterThread: Thread finished: users 1-40
2026-04-06 14:18:12,911 INFO o.a.j.t.JMeterThread: Thread is done: users 1-82
2026-04-06 14:18:12,911 INFO o.a.j.t.JMeterThread: Thread finished: users 1-82
2026-04-06 14:18:12,911 INFO o.a.j.t.JMeterThread: Thread is done: users 1-57
2026-04-06 14:18:12,911 INFO o.a.j.t.JMeterThread: Thread finished: users 1-57
2026-04-06 14:18:13,033 INFO o.a.j.t.JMeterThread: Thread is done: users 1-69
2026-04-06 14:18:13,033 INFO o.a.j.t.JMeterThread: Thread finished: users 1-69
2026-04-06 14:18:13,033 INFO o.a.j.t.JMeterThread: Thread is done: users 1-92
2026-04-06 14:18:13,033 INFO o.a.j.t.JMeterThread: Thread finished: users 1-92
2026-04-06 14:18:13,185 INFO o.a.j.t.JMeterThread: Thread is done: users 1-9
2026-04-06 14:18:13,185 INFO o.a.j.t.JMeterThread: Thread finished: users 1-9
2026-04-06 14:18:13,185 INFO o.a.j.t.JMeterThread: Thread is done: users 1-30
2026-04-06 14:18:13,185 INFO o.a.j.t.JMeterThread: Thread finished: users 1-30
2026-04-06 14:18:13,202 INFO o.a.j.t.JMeterThread: Thread is done: users 1-48
2026-04-06 14:18:13,202 INFO o.a.j.t.JMeterThread: Thread is done: users 1-65
2026-04-06 14:18:13,202 INFO o.a.j.t.JMeterThread: Thread finished: users 1-48
2026-04-06 14:18:13,202 INFO o.a.j.t.JMeterThread: Thread finished: users 1-65
2026-04-06 14:18:13,305 INFO o.a.j.t.JMeterThread: Thread is done: users 1-51
2026-04-06 14:18:13,305 INFO o.a.j.t.JMeterThread: Thread finished: users 1-51
2026-04-06 14:18:13,410 INFO o.a.j.t.JMeterThread: Thread is done: users 1-39
2026-04-06 14:18:13,410 INFO o.a.j.t.JMeterThread: Thread finished: users 1-39
2026-04-06 14:18:13,410 INFO o.a.j.t.JMeterThread: Thread is done: users 1-54
2026-04-06 14:18:13,410 INFO o.a.j.t.JMeterThread: Thread finished: users 1-54
2026-04-06 14:18:13,443 INFO o.a.j.t.JMeterThread: Thread is done: users 1-35
2026-04-06 14:18:13,443 INFO o.a.j.t.JMeterThread: Thread is done: users 1-49
2026-04-06 14:18:13,443 INFO o.a.j.t.JMeterThread: Thread finished: users 1-35
2026-04-06 14:18:13,443 INFO o.a.j.t.JMeterThread: Thread finished: users 1-49
2026-04-06 14:18:13,609 INFO o.a.j.t.JMeterThread: Thread is done: users 1-98
2026-04-06 14:18:13,609 INFO o.a.j.t.JMeterThread: Thread is done: users 1-43
2026-04-06 14:18:13,609 INFO o.a.j.t.JMeterThread: Thread finished: users 1-43
2026-04-06 14:18:13,609 INFO o.a.j.t.JMeterThread: Thread finished: users 1-98
2026-04-06 14:18:13,609 INFO o.a.j.t.JMeterThread: Thread is done: users 1-52
2026-04-06 14:18:13,609 INFO o.a.j.t.JMeterThread: Thread finished: users 1-52
2026-04-06 14:18:13,639 INFO o.a.j.t.JMeterThread: Thread is done: users 1-68
2026-04-06 14:18:13,639 INFO o.a.j.t.JMeterThread: Thread finished: users 1-68
2026-04-06 14:18:13,639 INFO o.a.j.t.JMeterThread: Thread is done: users 1-85
2026-04-06 14:18:13,639 INFO o.a.j.t.JMeterThread: Thread is done: users 1-56
2026-04-06 14:18:13,639 INFO o.a.j.t.JMeterThread: Thread finished: users 1-85
2026-04-06 14:18:13,639 INFO o.a.j.t.JMeterThread: Thread is done: users 1-78
2026-04-06 14:18:13,639 INFO o.a.j.t.JMeterThread: Thread finished: users 1-78
2026-04-06 14:18:13,639 INFO o.a.j.t.JMeterThread: Thread is done: users 1-122
2026-04-06 14:18:13,639 INFO o.a.j.t.JMeterThread: Thread finished: users 1-122
2026-04-06 14:18:13,639 INFO o.a.j.t.JMeterThread: Thread is done: users 1-61
2026-04-06 14:18:13,639 INFO o.a.j.t.JMeterThread: Thread finished: users 1-61
2026-04-06 14:18:13,639 INFO o.a.j.t.JMeterThread: Thread finished: users 1-56
2026-04-06 14:18:13,639 INFO o.a.j.t.JMeterThread: Thread is done: users 1-103
2026-04-06 14:18:13,640 INFO o.a.j.t.JMeterThread: Thread finished: users 1-103
2026-04-06 14:18:13,728 INFO o.a.j.t.JMeterThread: Thread is done: users 1-89
2026-04-06 14:18:13,728 INFO o.a.j.t.JMeterThread: Thread is done: users 1-102
2026-04-06 14:18:13,728 INFO o.a.j.t.JMeterThread: Thread is done: users 1-59
2026-04-06 14:18:13,728 INFO o.a.j.t.JMeterThread: Thread finished: users 1-89
2026-04-06 14:18:13,728 INFO o.a.j.t.JMeterThread: Thread finished: users 1-59
2026-04-06 14:18:13,728 INFO o.a.j.t.JMeterThread: Thread is done: users 1-74
2026-04-06 14:18:13,728 INFO o.a.j.t.JMeterThread: Thread is done: users 1-96
2026-04-06 14:18:13,728 INFO o.a.j.t.JMeterThread: Thread finished: users 1-96
2026-04-06 14:18:13,728 INFO o.a.j.t.JMeterThread: Thread is done: users 1-58
2026-04-06 14:18:13,728 INFO o.a.j.t.JMeterThread: Thread finished: users 1-58
2026-04-06 14:18:13,728 INFO o.a.j.t.JMeterThread: Thread is done: users 1-81
2026-04-06 14:18:13,728 INFO o.a.j.t.JMeterThread: Thread is done: users 1-141
2026-04-06 14:18:13,729 INFO o.a.j.t.JMeterThread: Thread finished: users 1-141
2026-04-06 14:18:13,729 INFO o.a.j.t.JMeterThread: Thread finished: users 1-102
2026-04-06 14:18:13,728 INFO o.a.j.t.JMeterThread: Thread is done: users 1-170
2026-04-06 14:18:13,729 INFO o.a.j.t.JMeterThread: Thread finished: users 1-170
2026-04-06 14:18:13,729 INFO o.a.j.t.JMeterThread: Thread finished: users 1-81
2026-04-06 14:18:13,728 INFO o.a.j.t.JMeterThread: Thread finished: users 1-74
2026-04-06 14:18:13,728 INFO o.a.j.t.JMeterThread: Thread is done: users 1-76
2026-04-06 14:18:13,729 INFO o.a.j.t.JMeterThread: Thread finished: users 1-76
2026-04-06 14:18:13,804 INFO o.a.j.t.JMeterThread: Thread is done: users 1-77
2026-04-06 14:18:13,804 INFO o.a.j.t.JMeterThread: Thread is done: users 1-90
2026-04-06 14:18:13,804 INFO o.a.j.t.JMeterThread: Thread is done: users 1-117
2026-04-06 14:18:13,804 INFO o.a.j.t.JMeterThread: Thread is done: users 1-127
2026-04-06 14:18:13,804 INFO o.a.j.t.JMeterThread: Thread finished: users 1-90
2026-04-06 14:18:13,804 INFO o.a.j.t.JMeterThread: Thread finished: users 1-77
2026-04-06 14:18:13,805 INFO o.a.j.t.JMeterThread: Thread is done: users 1-80
2026-04-06 14:18:13,805 INFO o.a.j.t.JMeterThread: Thread finished: users 1-80
2026-04-06 14:18:13,804 INFO o.a.j.t.JMeterThread: Thread is done: users 1-79
2026-04-06 14:18:13,805 INFO o.a.j.t.JMeterThread: Thread finished: users 1-79
2026-04-06 14:18:13,805 INFO o.a.j.t.JMeterThread: Thread is done: users 1-113
2026-04-06 14:18:13,805 INFO o.a.j.t.JMeterThread: Thread finished: users 1-113
2026-04-06 14:18:13,805 INFO o.a.j.t.JMeterThread: Thread is done: users 1-108
2026-04-06 14:18:13,805 INFO o.a.j.t.JMeterThread: Thread finished: users 1-108
2026-04-06 14:18:13,804 INFO o.a.j.t.JMeterThread: Thread finished: users 1-117
2026-04-06 14:18:13,805 INFO o.a.j.t.JMeterThread: Thread is done: users 1-126
2026-04-06 14:18:13,805 INFO o.a.j.t.JMeterThread: Thread finished: users 1-126
2026-04-06 14:18:13,805 INFO o.a.j.t.JMeterThread: Thread is done: users 1-110
2026-04-06 14:18:13,805 INFO o.a.j.t.JMeterThread: Thread finished: users 1-110
2026-04-06 14:18:13,804 INFO o.a.j.t.JMeterThread: Thread is done: users 1-45
2026-04-06 14:18:13,805 INFO o.a.j.t.JMeterThread: Thread is done: users 1-123
2026-04-06 14:18:13,805 INFO o.a.j.t.JMeterThread: Thread finished: users 1-45
2026-04-06 14:18:13,804 INFO o.a.j.t.JMeterThread: Thread is done: users 1-28
2026-04-06 14:18:13,805 INFO o.a.j.t.JMeterThread: Thread finished: users 1-28
2026-04-06 14:18:13,804 INFO o.a.j.t.JMeterThread: Thread is done: users 1-86
2026-04-06 14:18:13,806 INFO o.a.j.t.JMeterThread: Thread finished: users 1-86
2026-04-06 14:18:13,806 INFO o.a.j.t.JMeterThread: Thread finished: users 1-127
2026-04-06 14:18:13,804 INFO o.a.j.t.JMeterThread: Thread is done: users 1-104
2026-04-06 14:18:13,806 INFO o.a.j.t.JMeterThread: Thread finished: users 1-104
2026-04-06 14:18:13,805 INFO o.a.j.t.JMeterThread: Thread finished: users 1-123
2026-04-06 14:18:13,805 INFO o.a.j.t.JMeterThread: Thread is done: users 1-63
2026-04-06 14:18:13,806 INFO o.a.j.t.JMeterThread: Thread finished: users 1-63
2026-04-06 14:18:13,861 INFO o.a.j.t.JMeterThread: Thread is done: users 1-88
2026-04-06 14:18:13,861 INFO o.a.j.t.JMeterThread: Thread finished: users 1-88
2026-04-06 14:18:13,861 INFO o.a.j.t.JMeterThread: Thread is done: users 1-55
2026-04-06 14:18:13,861 INFO o.a.j.t.JMeterThread: Thread finished: users 1-55
2026-04-06 14:18:13,861 INFO o.a.j.t.JMeterThread: Thread is done: users 1-119
2026-04-06 14:18:13,861 INFO o.a.j.t.JMeterThread: Thread finished: users 1-119
2026-04-06 14:18:13,861 INFO o.a.j.t.JMeterThread: Thread is done: users 1-94
2026-04-06 14:18:13,861 INFO o.a.j.t.JMeterThread: Thread finished: users 1-94
2026-04-06 14:18:13,861 INFO o.a.j.t.JMeterThread: Thread is done: users 1-66
2026-04-06 14:18:13,861 INFO o.a.j.t.JMeterThread: Thread finished: users 1-66
2026-04-06 14:18:13,861 INFO o.a.j.t.JMeterThread: Thread is done: users 1-71
2026-04-06 14:18:13,861 INFO o.a.j.t.JMeterThread: Thread finished: users 1-71
2026-04-06 14:18:13,861 INFO o.a.j.t.JMeterThread: Thread is done: users 1-106
2026-04-06 14:18:13,861 INFO o.a.j.t.JMeterThread: Thread finished: users 1-106
2026-04-06 14:18:13,861 INFO o.a.j.t.JMeterThread: Thread is done: users 1-95
2026-04-06 14:18:13,861 INFO o.a.j.t.JMeterThread: Thread finished: users 1-95
2026-04-06 14:18:13,861 INFO o.a.j.t.JMeterThread: Thread is done: users 1-62
2026-04-06 14:18:13,861 INFO o.a.j.t.JMeterThread: Thread finished: users 1-62
2026-04-06 14:18:13,861 INFO o.a.j.t.JMeterThread: Thread is done: users 1-114
2026-04-06 14:18:13,861 INFO o.a.j.t.JMeterThread: Thread finished: users 1-114
2026-04-06 14:18:13,861 INFO o.a.j.t.JMeterThread: Thread is done: users 1-72
2026-04-06 14:18:13,861 INFO o.a.j.t.JMeterThread: Thread finished: users 1-72
2026-04-06 14:18:13,861 INFO o.a.j.t.JMeterThread: Thread is done: users 1-87
2026-04-06 14:18:13,861 INFO o.a.j.t.JMeterThread: Thread finished: users 1-87
2026-04-06 14:18:13,861 INFO o.a.j.t.JMeterThread: Thread is done: users 1-143
2026-04-06 14:18:13,861 INFO o.a.j.t.JMeterThread: Thread finished: users 1-143
2026-04-06 14:18:13,861 INFO o.a.j.t.JMeterThread: Thread is done: users 1-91
2026-04-06 14:18:13,861 INFO o.a.j.t.JMeterThread: Thread finished: users 1-91
2026-04-06 14:18:13,861 INFO o.a.j.t.JMeterThread: Thread is done: users 1-83
2026-04-06 14:18:13,861 INFO o.a.j.t.JMeterThread: Thread is done: users 1-73
2026-04-06 14:18:13,861 INFO o.a.j.t.JMeterThread: Thread is done: users 1-120
2026-04-06 14:18:13,861 INFO o.a.j.t.JMeterThread: Thread is done: users 1-112
2026-04-06 14:18:13,862 INFO o.a.j.t.JMeterThread: Thread finished: users 1-120
2026-04-06 14:18:13,862 INFO o.a.j.t.JMeterThread: Thread finished: users 1-112
2026-04-06 14:18:13,861 INFO o.a.j.t.JMeterThread: Thread is done: users 1-107
2026-04-06 14:18:13,862 INFO o.a.j.t.JMeterThread: Thread finished: users 1-107
2026-04-06 14:18:13,861 INFO o.a.j.t.JMeterThread: Thread finished: users 1-73
2026-04-06 14:18:13,862 INFO o.a.j.t.JMeterThread: Thread finished: users 1-83
2026-04-06 14:18:13,861 INFO o.a.j.t.JMeterThread: Thread is done: users 1-93
2026-04-06 14:18:13,862 INFO o.a.j.t.JMeterThread: Thread finished: users 1-93
2026-04-06 14:18:13,861 INFO o.a.j.t.JMeterThread: Thread is done: users 1-31
2026-04-06 14:18:13,861 INFO o.a.j.t.JMeterThread: Thread is done: users 1-84
2026-04-06 14:18:13,862 INFO o.a.j.t.JMeterThread: Thread finished: users 1-31
2026-04-06 14:18:13,862 INFO o.a.j.t.JMeterThread: Thread finished: users 1-84
2026-04-06 14:18:14,203 INFO o.a.j.t.JMeterThread: Thread is done: users 1-142
2026-04-06 14:18:14,203 INFO o.a.j.t.JMeterThread: Thread is done: users 1-135
2026-04-06 14:18:14,203 INFO o.a.j.t.JMeterThread: Thread finished: users 1-142
2026-04-06 14:18:14,203 INFO o.a.j.t.JMeterThread: Thread is done: users 1-193
2026-04-06 14:18:14,203 INFO o.a.j.t.JMeterThread: Thread is done: users 1-178
2026-04-06 14:18:14,203 INFO o.a.j.t.JMeterThread: Thread finished: users 1-178
2026-04-06 14:18:14,203 INFO o.a.j.t.JMeterThread: Thread is done: users 1-109
2026-04-06 14:18:14,203 INFO o.a.j.t.JMeterThread: Thread finished: users 1-109
2026-04-06 14:18:14,203 INFO o.a.j.t.JMeterThread: Thread finished: users 1-193
2026-04-06 14:18:14,203 INFO o.a.j.t.JMeterThread: Thread finished: users 1-135
2026-04-06 14:18:14,203 INFO o.a.j.t.JMeterThread: Thread is done: users 1-146
2026-04-06 14:18:14,203 INFO o.a.j.t.JMeterThread: Thread finished: users 1-146
2026-04-06 14:18:14,203 INFO o.a.j.t.JMeterThread: Thread is done: users 1-154
2026-04-06 14:18:14,203 INFO o.a.j.t.JMeterThread: Thread finished: users 1-154
2026-04-06 14:18:14,203 INFO o.a.j.t.JMeterThread: Thread is done: users 1-99
2026-04-06 14:18:14,204 INFO o.a.j.t.JMeterThread: Thread finished: users 1-99
2026-04-06 14:18:14,204 INFO o.a.j.t.JMeterThread: Thread is done: users 1-124
2026-04-06 14:18:14,204 INFO o.a.j.t.JMeterThread: Thread finished: users 1-124
2026-04-06 14:18:14,204 INFO o.a.j.t.JMeterThread: Thread is done: users 1-100
2026-04-06 14:18:14,204 INFO o.a.j.t.JMeterThread: Thread finished: users 1-100
2026-04-06 14:18:14,203 INFO o.a.j.t.JMeterThread: Thread is done: users 1-186
2026-04-06 14:18:14,204 INFO o.a.j.t.JMeterThread: Thread finished: users 1-186
2026-04-06 14:18:14,203 INFO o.a.j.t.JMeterThread: Thread is done: users 1-97
2026-04-06 14:18:14,203 INFO o.a.j.t.JMeterThread: Thread is done: users 1-194
2026-04-06 14:18:14,203 INFO o.a.j.t.JMeterThread: Thread is done: users 1-75
2026-04-06 14:18:14,204 INFO o.a.j.t.JMeterThread: Thread finished: users 1-75
2026-04-06 14:18:14,204 INFO o.a.j.t.JMeterThread: Thread finished: users 1-194
2026-04-06 14:18:14,204 INFO o.a.j.t.JMeterThread: Thread finished: users 1-97
2026-04-06 14:18:14,301 INFO o.a.j.t.JMeterThread: Thread is done: users 1-111
2026-04-06 14:18:14,302 INFO o.a.j.t.JMeterThread: Thread finished: users 1-111
2026-04-06 14:18:14,302 INFO o.a.j.t.JMeterThread: Thread is done: users 1-198
2026-04-06 14:18:14,302 INFO o.a.j.t.JMeterThread: Thread is done: users 1-136
2026-04-06 14:18:14,302 INFO o.a.j.t.JMeterThread: Thread finished: users 1-198
2026-04-06 14:18:14,302 INFO o.a.j.t.JMeterThread: Thread is done: users 1-197
2026-04-06 14:18:14,302 INFO o.a.j.t.JMeterThread: Thread finished: users 1-197
2026-04-06 14:18:14,302 INFO o.a.j.t.JMeterThread: Thread is done: users 1-128
2026-04-06 14:18:14,302 INFO o.a.j.t.JMeterThread: Thread finished: users 1-128
2026-04-06 14:18:14,302 INFO o.a.j.t.JMeterThread: Thread is done: users 1-183
2026-04-06 14:18:14,302 INFO o.a.j.t.JMeterThread: Thread finished: users 1-183
2026-04-06 14:18:14,302 INFO o.a.j.t.JMeterThread: Thread is done: users 1-139
2026-04-06 14:18:14,302 INFO o.a.j.t.JMeterThread: Thread finished: users 1-139
2026-04-06 14:18:14,302 INFO o.a.j.t.JMeterThread: Thread is done: users 1-67
2026-04-06 14:18:14,302 INFO o.a.j.t.JMeterThread: Thread finished: users 1-67
2026-04-06 14:18:14,302 INFO o.a.j.t.JMeterThread: Thread is done: users 1-147
2026-04-06 14:18:14,302 INFO o.a.j.t.JMeterThread: Thread finished: users 1-147
2026-04-06 14:18:14,302 INFO o.a.j.t.JMeterThread: Thread is done: users 1-118
2026-04-06 14:18:14,302 INFO o.a.j.t.JMeterThread: Thread finished: users 1-118
2026-04-06 14:18:14,302 INFO o.a.j.t.JMeterThread: Thread is done: users 1-173
2026-04-06 14:18:14,302 INFO o.a.j.t.JMeterThread: Thread finished: users 1-173
2026-04-06 14:18:14,302 INFO o.a.j.t.JMeterThread: Thread is done: users 1-181
2026-04-06 14:18:14,302 INFO o.a.j.t.JMeterThread: Thread finished: users 1-181
2026-04-06 14:18:14,302 INFO o.a.j.t.JMeterThread: Thread is done: users 1-144
2026-04-06 14:18:14,302 INFO o.a.j.t.JMeterThread: Thread is done: users 1-158
2026-04-06 14:18:14,302 INFO o.a.j.t.JMeterThread: Thread finished: users 1-158
2026-04-06 14:18:14,302 INFO o.a.j.t.JMeterThread: Thread finished: users 1-144
2026-04-06 14:18:14,302 INFO o.a.j.t.JMeterThread: Thread is done: users 1-138
2026-04-06 14:18:14,302 INFO o.a.j.t.JMeterThread: Thread finished: users 1-138
2026-04-06 14:18:14,302 INFO o.a.j.t.JMeterThread: Thread is done: users 1-163
2026-04-06 14:18:14,302 INFO o.a.j.t.JMeterThread: Thread finished: users 1-163
2026-04-06 14:18:14,302 INFO o.a.j.t.JMeterThread: Thread is done: users 1-156
2026-04-06 14:18:14,302 INFO o.a.j.t.JMeterThread: Thread finished: users 1-156
2026-04-06 14:18:14,303 INFO o.a.j.t.JMeterThread: Thread is done: users 1-149
2026-04-06 14:18:14,303 INFO o.a.j.t.JMeterThread: Thread finished: users 1-149
2026-04-06 14:18:14,303 INFO o.a.j.t.JMeterThread: Thread is done: users 1-199
2026-04-06 14:18:14,303 INFO o.a.j.t.JMeterThread: Thread finished: users 1-199
2026-04-06 14:18:14,303 INFO o.a.j.t.JMeterThread: Thread is done: users 1-174
2026-04-06 14:18:14,303 INFO o.a.j.t.JMeterThread: Thread finished: users 1-174
2026-04-06 14:18:14,303 INFO o.a.j.t.JMeterThread: Thread is done: users 1-189
2026-04-06 14:18:14,303 INFO o.a.j.t.JMeterThread: Thread finished: users 1-189
2026-04-06 14:18:14,303 INFO o.a.j.t.JMeterThread: Thread is done: users 1-184
2026-04-06 14:18:14,303 INFO o.a.j.t.JMeterThread: Thread finished: users 1-184
2026-04-06 14:18:14,303 INFO o.a.j.t.JMeterThread: Thread is done: users 1-140
2026-04-06 14:18:14,303 INFO o.a.j.t.JMeterThread: Thread finished: users 1-140
2026-04-06 14:18:14,303 INFO o.a.j.t.JMeterThread: Thread is done: users 1-129
2026-04-06 14:18:14,303 INFO o.a.j.t.JMeterThread: Thread finished: users 1-129
2026-04-06 14:18:14,303 INFO o.a.j.t.JMeterThread: Thread is done: users 1-105
2026-04-06 14:18:14,303 INFO o.a.j.t.JMeterThread: Thread is done: users 1-121
2026-04-06 14:18:14,303 INFO o.a.j.t.JMeterThread: Thread finished: users 1-105
2026-04-06 14:18:14,303 INFO o.a.j.t.JMeterThread: Thread is done: users 1-116
2026-04-06 14:18:14,303 INFO o.a.j.t.JMeterThread: Thread finished: users 1-116
2026-04-06 14:18:14,303 INFO o.a.j.t.JMeterThread: Thread finished: users 1-136
2026-04-06 14:18:14,303 INFO o.a.j.t.JMeterThread: Thread is done: users 1-159
2026-04-06 14:18:14,303 INFO o.a.j.t.JMeterThread: Thread finished: users 1-159
2026-04-06 14:18:14,304 INFO o.a.j.t.JMeterThread: Thread finished: users 1-121
2026-04-06 14:18:14,302 INFO o.a.j.t.JMeterThread: Thread is done: users 1-160
2026-04-06 14:18:14,305 INFO o.a.j.t.JMeterThread: Thread finished: users 1-160
2026-04-06 14:18:14,302 INFO o.a.j.t.JMeterThread: Thread is done: users 1-175
2026-04-06 14:18:14,305 INFO o.a.j.t.JMeterThread: Thread finished: users 1-175
2026-04-06 14:18:14,302 INFO o.a.j.t.JMeterThread: Thread is done: users 1-196
2026-04-06 14:18:14,306 INFO o.a.j.t.JMeterThread: Thread finished: users 1-196
2026-04-06 14:18:14,306 INFO o.a.j.t.JMeterThread: Thread is done: users 1-192
2026-04-06 14:18:14,306 INFO o.a.j.t.JMeterThread: Thread finished: users 1-192
2026-04-06 14:18:14,306 INFO o.a.j.t.JMeterThread: Thread is done: users 1-101
2026-04-06 14:18:14,306 INFO o.a.j.t.JMeterThread: Thread finished: users 1-101
2026-04-06 14:18:14,310 INFO o.a.j.t.JMeterThread: Thread is done: users 1-134
2026-04-06 14:18:14,310 INFO o.a.j.t.JMeterThread: Thread finished: users 1-134
2026-04-06 14:18:14,341 INFO o.a.j.t.JMeterThread: Thread is done: users 1-115
2026-04-06 14:18:14,341 INFO o.a.j.t.JMeterThread: Thread finished: users 1-115
2026-04-06 14:18:14,343 INFO o.a.j.t.JMeterThread: Thread is done: users 1-182
2026-04-06 14:18:14,343 INFO o.a.j.t.JMeterThread: Thread finished: users 1-182
2026-04-06 14:18:14,354 INFO o.a.j.t.JMeterThread: Thread is done: users 1-125
2026-04-06 14:18:14,354 INFO o.a.j.t.JMeterThread: Thread finished: users 1-125
2026-04-06 14:18:14,369 INFO o.a.j.t.JMeterThread: Thread is done: users 1-185
2026-04-06 14:18:14,369 INFO o.a.j.t.JMeterThread: Thread finished: users 1-185
2026-04-06 14:18:14,375 INFO o.a.j.t.JMeterThread: Thread is done: users 1-179
2026-04-06 14:18:14,375 INFO o.a.j.t.JMeterThread: Thread finished: users 1-179
2026-04-06 14:18:14,389 INFO o.a.j.t.JMeterThread: Thread is done: users 1-176
2026-04-06 14:18:14,389 INFO o.a.j.t.JMeterThread: Thread finished: users 1-176
2026-04-06 14:18:14,393 INFO o.a.j.t.JMeterThread: Thread is done: users 1-155
2026-04-06 14:18:14,393 INFO o.a.j.t.JMeterThread: Thread finished: users 1-155
2026-04-06 14:18:14,394 INFO o.a.j.t.JMeterThread: Thread is done: users 1-169
2026-04-06 14:18:14,394 INFO o.a.j.t.JMeterThread: Thread finished: users 1-169
2026-04-06 14:18:14,399 INFO o.a.j.t.JMeterThread: Thread is done: users 1-151
2026-04-06 14:18:14,399 INFO o.a.j.t.JMeterThread: Thread finished: users 1-151
2026-04-06 14:18:14,431 INFO o.a.j.t.JMeterThread: Thread is done: users 1-162
2026-04-06 14:18:14,431 INFO o.a.j.t.JMeterThread: Thread finished: users 1-162
2026-04-06 14:18:14,446 INFO o.a.j.t.JMeterThread: Thread is done: users 1-171
2026-04-06 14:18:14,446 INFO o.a.j.t.JMeterThread: Thread finished: users 1-171
2026-04-06 14:18:14,470 INFO o.a.j.t.JMeterThread: Thread is done: users 1-177
2026-04-06 14:18:14,470 INFO o.a.j.t.JMeterThread: Thread finished: users 1-177
2026-04-06 14:18:14,472 INFO o.a.j.t.JMeterThread: Thread is done: users 1-167
2026-04-06 14:18:14,472 INFO o.a.j.t.JMeterThread: Thread finished: users 1-167
2026-04-06 14:18:14,483 INFO o.a.j.t.JMeterThread: Thread is done: users 1-150
2026-04-06 14:18:14,484 INFO o.a.j.t.JMeterThread: Thread finished: users 1-150
2026-04-06 14:18:14,487 INFO o.a.j.t.JMeterThread: Thread is done: users 1-188
2026-04-06 14:18:14,487 INFO o.a.j.t.JMeterThread: Thread finished: users 1-188
2026-04-06 14:18:14,488 INFO o.a.j.t.JMeterThread: Thread is done: users 1-200
2026-04-06 14:18:14,488 INFO o.a.j.t.JMeterThread: Thread finished: users 1-200
2026-04-06 14:18:14,491 INFO o.a.j.t.JMeterThread: Thread is done: users 1-168
2026-04-06 14:18:14,491 INFO o.a.j.t.JMeterThread: Thread finished: users 1-168
2026-04-06 14:18:14,491 INFO o.a.j.t.JMeterThread: Thread is done: users 1-166
2026-04-06 14:18:14,491 INFO o.a.j.t.JMeterThread: Thread finished: users 1-166
2026-04-06 14:18:14,520 INFO o.a.j.t.JMeterThread: Thread is done: users 1-152
2026-04-06 14:18:14,521 INFO o.a.j.t.JMeterThread: Thread finished: users 1-152
2026-04-06 14:18:14,523 INFO o.a.j.t.JMeterThread: Thread is done: users 1-195
2026-04-06 14:18:14,523 INFO o.a.j.t.JMeterThread: Thread finished: users 1-195
2026-04-06 14:18:14,533 INFO o.a.j.t.JMeterThread: Thread is done: users 1-145
2026-04-06 14:18:14,533 INFO o.a.j.t.JMeterThread: Thread finished: users 1-145
2026-04-06 14:18:14,546 INFO o.a.j.t.JMeterThread: Thread is done: users 1-137
2026-04-06 14:18:14,546 INFO o.a.j.t.JMeterThread: Thread finished: users 1-137
2026-04-06 14:18:14,560 INFO o.a.j.t.JMeterThread: Thread is done: users 1-190
2026-04-06 14:18:14,560 INFO o.a.j.t.JMeterThread: Thread finished: users 1-190
2026-04-06 14:18:14,564 INFO o.a.j.t.JMeterThread: Thread is done: users 1-157
2026-04-06 14:18:14,564 INFO o.a.j.t.JMeterThread: Thread finished: users 1-157
2026-04-06 14:18:14,568 INFO o.a.j.t.JMeterThread: Thread is done: users 1-187
2026-04-06 14:18:14,569 INFO o.a.j.t.JMeterThread: Thread finished: users 1-187
2026-04-06 14:18:14,581 INFO o.a.j.t.JMeterThread: Thread is done: users 1-133
2026-04-06 14:18:14,581 INFO o.a.j.t.JMeterThread: Thread finished: users 1-133
2026-04-06 14:18:14,582 INFO o.a.j.t.JMeterThread: Thread is done: users 1-148
2026-04-06 14:18:14,582 INFO o.a.j.t.JMeterThread: Thread finished: users 1-148
2026-04-06 14:18:14,602 INFO o.a.j.t.JMeterThread: Thread is done: users 1-153
2026-04-06 14:18:14,602 INFO o.a.j.t.JMeterThread: Thread finished: users 1-153
2026-04-06 14:18:14,624 INFO o.a.j.t.JMeterThread: Thread is done: users 1-132
2026-04-06 14:18:14,624 INFO o.a.j.t.JMeterThread: Thread finished: users 1-132
2026-04-06 14:18:14,625 INFO o.a.j.t.JMeterThread: Thread is done: users 1-172
2026-04-06 14:18:14,625 INFO o.a.j.t.JMeterThread: Thread finished: users 1-172
2026-04-06 14:18:14,633 INFO o.a.j.t.JMeterThread: Thread is done: users 1-165
2026-04-06 14:18:14,633 INFO o.a.j.t.JMeterThread: Thread finished: users 1-165
2026-04-06 14:18:14,637 INFO o.a.j.t.JMeterThread: Thread is done: users 1-191
2026-04-06 14:18:14,637 INFO o.a.j.t.JMeterThread: Thread finished: users 1-191
2026-04-06 14:18:14,649 INFO o.a.j.t.JMeterThread: Thread is done: users 1-161
2026-04-06 14:18:14,649 INFO o.a.j.t.JMeterThread: Thread is done: users 1-180
2026-04-06 14:18:14,649 INFO o.a.j.t.JMeterThread: Thread finished: users 1-161
2026-04-06 14:18:14,649 INFO o.a.j.t.JMeterThread: Thread finished: users 1-180
2026-04-06 14:18:14,649 INFO o.a.j.t.JMeterThread: Thread is done: users 1-164
2026-04-06 14:18:14,649 INFO o.a.j.t.JMeterThread: Thread finished: users 1-164
2026-04-06 14:18:14,650 INFO o.a.j.t.JMeterThread: Thread is done: users 1-131
2026-04-06 14:18:14,650 INFO o.a.j.t.JMeterThread: Thread finished: users 1-131
2026-04-06 14:18:14,667 INFO o.a.j.t.JMeterThread: Thread is done: users 1-130
2026-04-06 14:18:14,667 INFO o.a.j.t.JMeterThread: Thread finished: users 1-130
2026-04-06 14:18:14,667 INFO o.a.j.e.StandardJMeterEngine: Notifying test listeners of end of test
2026-04-06 14:18:14,667 INFO o.a.j.g.u.JMeterMenuBar: setRunning(false, *local*)
2026-04-06 14:18:35,103 INFO o.a.j.e.StandardJMeterEngine: Running the test!
2026-04-06 14:18:35,104 INFO o.a.j.s.SampleEvent: List of sample_variables: []
2026-04-06 14:18:35,105 INFO o.a.j.g.u.JMeterMenuBar: setRunning(true, *local*)
2026-04-06 14:18:35,136 INFO o.a.j.e.StandardJMeterEngine: Starting ThreadGroup: 1 : users
2026-04-06 14:18:35,136 INFO o.a.j.e.StandardJMeterEngine: Starting 200 threads for group users.
2026-04-06 14:18:35,136 INFO o.a.j.e.StandardJMeterEngine: Thread will continue on error
2026-04-06 14:18:35,136 INFO o.a.j.t.ThreadGroup: Starting thread group... number=1 threads=200 ramp-up=1 delayedStart=false
2026-04-06 14:18:35,136 INFO o.a.j.t.JMeterThread: Thread started: users 1-1
2026-04-06 14:18:35,143 INFO o.a.j.t.JMeterThread: Thread started: users 1-2
2026-04-06 14:18:35,147 INFO o.a.j.t.JMeterThread: Thread started: users 1-3
2026-04-06 14:18:35,158 INFO o.a.j.t.JMeterThread: Thread started: users 1-4
2026-04-06 14:18:35,161 INFO o.a.j.t.JMeterThread: Thread started: users 1-5
2026-04-06 14:18:35,161 INFO o.a.j.t.JMeterThread: Thread started: users 1-6
2026-04-06 14:18:35,171 INFO o.a.j.t.JMeterThread: Thread started: users 1-7
2026-04-06 14:18:35,174 INFO o.a.j.t.ThreadGroup: Started thread group number 1
2026-04-06 14:18:35,174 INFO o.a.j.e.StandardJMeterEngine: All thread groups have been started
2026-04-06 14:18:35,175 INFO o.a.j.t.JMeterThread: Thread started: users 1-8
2026-04-06 14:18:35,181 INFO o.a.j.t.JMeterThread: Thread started: users 1-9
2026-04-06 14:18:35,183 INFO o.a.j.t.JMeterThread: Thread started: users 1-10
2026-04-06 14:18:35,191 INFO o.a.j.t.JMeterThread: Thread started: users 1-11
2026-04-06 14:18:35,193 INFO o.a.j.t.JMeterThread: Thread started: users 1-12
2026-04-06 14:18:35,201 INFO o.a.j.t.JMeterThread: Thread started: users 1-13
2026-04-06 14:18:35,208 INFO o.a.j.t.JMeterThread: Thread started: users 1-14
2026-04-06 14:18:35,213 INFO o.a.j.t.JMeterThread: Thread started: users 1-15
2026-04-06 14:18:35,218 INFO o.a.j.t.JMeterThread: Thread started: users 1-16
2026-04-06 14:18:35,222 INFO o.a.j.t.JMeterThread: Thread started: users 1-17
2026-04-06 14:18:35,226 INFO o.a.j.t.JMeterThread: Thread started: users 1-18
2026-04-06 14:18:35,232 INFO o.a.j.t.JMeterThread: Thread started: users 1-19
2026-04-06 14:18:35,237 INFO o.a.j.t.JMeterThread: Thread started: users 1-21
2026-04-06 14:18:35,237 INFO o.a.j.t.JMeterThread: Thread started: users 1-20
2026-04-06 14:18:35,243 INFO o.a.j.t.JMeterThread: Thread started: users 1-22
2026-04-06 14:18:35,249 INFO o.a.j.t.JMeterThread: Thread started: users 1-23
2026-04-06 14:18:35,256 INFO o.a.j.t.JMeterThread: Thread started: users 1-24
2026-04-06 14:18:35,260 INFO o.a.j.t.JMeterThread: Thread started: users 1-25
2026-04-06 14:18:35,266 INFO o.a.j.t.JMeterThread: Thread started: users 1-26
2026-04-06 14:18:35,271 INFO o.a.j.t.JMeterThread: Thread started: users 1-27
2026-04-06 14:18:35,276 INFO o.a.j.t.JMeterThread: Thread started: users 1-28
2026-04-06 14:18:35,281 INFO o.a.j.t.JMeterThread: Thread started: users 1-29
2026-04-06 14:18:35,285 INFO o.a.j.t.JMeterThread: Thread started: users 1-30
2026-04-06 14:18:35,291 INFO o.a.j.t.JMeterThread: Thread started: users 1-31
2026-04-06 14:18:35,293 INFO o.a.j.t.JMeterThread: Thread started: users 1-32
2026-04-06 14:18:35,302 INFO o.a.j.t.JMeterThread: Thread started: users 1-33
2026-04-06 14:18:35,306 INFO o.a.j.t.JMeterThread: Thread started: users 1-34
2026-04-06 14:18:35,309 INFO o.a.j.t.JMeterThread: Thread started: users 1-35
2026-04-06 14:18:35,316 INFO o.a.j.t.JMeterThread: Thread started: users 1-36
2026-04-06 14:18:35,318 INFO o.a.j.t.JMeterThread: Thread started: users 1-37
2026-04-06 14:18:35,326 INFO o.a.j.t.JMeterThread: Thread started: users 1-38
2026-04-06 14:18:35,331 INFO o.a.j.t.JMeterThread: Thread started: users 1-39
2026-04-06 14:18:35,336 INFO o.a.j.t.JMeterThread: Thread started: users 1-40
2026-04-06 14:18:35,338 INFO o.a.j.t.JMeterThread: Thread started: users 1-41
2026-04-06 14:18:35,346 INFO o.a.j.t.JMeterThread: Thread started: users 1-42
2026-04-06 14:18:35,352 INFO o.a.j.t.JMeterThread: Thread started: users 1-43
2026-04-06 14:18:35,353 INFO o.a.j.t.JMeterThread: Thread started: users 1-44
2026-04-06 14:18:35,360 INFO o.a.j.t.JMeterThread: Thread started: users 1-45
2026-04-06 14:18:35,366 INFO o.a.j.t.JMeterThread: Thread started: users 1-46
2026-04-06 14:18:35,371 INFO o.a.j.t.JMeterThread: Thread started: users 1-47
2026-04-06 14:18:35,376 INFO o.a.j.t.JMeterThread: Thread started: users 1-48
2026-04-06 14:18:35,377 INFO o.a.j.t.JMeterThread: Thread started: users 1-49
2026-04-06 14:18:35,386 INFO o.a.j.t.JMeterThread: Thread started: users 1-50
2026-04-06 14:18:35,388 INFO o.a.j.t.JMeterThread: Thread started: users 1-51
2026-04-06 14:18:35,397 INFO o.a.j.t.JMeterThread: Thread started: users 1-52
2026-04-06 14:18:35,401 INFO o.a.j.t.JMeterThread: Thread started: users 1-53
2026-04-06 14:18:35,405 INFO o.a.j.t.JMeterThread: Thread started: users 1-54
2026-04-06 14:18:35,408 INFO o.a.j.t.JMeterThread: Thread started: users 1-55
2026-04-06 14:18:35,416 INFO o.a.j.t.JMeterThread: Thread started: users 1-56
2026-04-06 14:18:35,421 INFO o.a.j.t.JMeterThread: Thread started: users 1-57
2026-04-06 14:18:35,425 INFO o.a.j.t.JMeterThread: Thread started: users 1-58
2026-04-06 14:18:35,429 INFO o.a.j.t.JMeterThread: Thread started: users 1-59
2026-04-06 14:18:35,435 INFO o.a.j.t.JMeterThread: Thread started: users 1-60
2026-04-06 14:18:35,441 INFO o.a.j.t.JMeterThread: Thread started: users 1-61
2026-04-06 14:18:35,443 INFO o.a.j.t.JMeterThread: Thread started: users 1-62
2026-04-06 14:18:35,448 INFO o.a.j.t.JMeterThread: Thread started: users 1-63
2026-04-06 14:18:35,455 INFO o.a.j.t.JMeterThread: Thread started: users 1-64
2026-04-06 14:18:35,462 INFO o.a.j.t.JMeterThread: Thread started: users 1-65
2026-04-06 14:18:35,466 INFO o.a.j.t.JMeterThread: Thread started: users 1-66
2026-04-06 14:18:35,471 INFO o.a.j.t.JMeterThread: Thread started: users 1-67
2026-04-06 14:18:35,476 INFO o.a.j.t.JMeterThread: Thread started: users 1-68
2026-04-06 14:18:35,481 INFO o.a.j.t.JMeterThread: Thread started: users 1-69
2026-04-06 14:18:35,487 INFO o.a.j.t.JMeterThread: Thread started: users 1-70
2026-04-06 14:18:35,489 INFO o.a.j.t.JMeterThread: Thread started: users 1-71
2026-04-06 14:18:35,496 INFO o.a.j.t.JMeterThread: Thread started: users 1-72
2026-04-06 14:18:35,501 INFO o.a.j.t.JMeterThread: Thread started: users 1-73
2026-04-06 14:18:35,506 INFO o.a.j.t.JMeterThread: Thread started: users 1-74
2026-04-06 14:18:35,509 INFO o.a.j.t.JMeterThread: Thread started: users 1-75
2026-04-06 14:18:35,516 INFO o.a.j.t.JMeterThread: Thread started: users 1-76
2026-04-06 14:18:35,517 INFO o.a.j.t.JMeterThread: Thread started: users 1-77
2026-04-06 14:18:35,526 INFO o.a.j.t.JMeterThread: Thread started: users 1-78
2026-04-06 14:18:35,531 INFO o.a.j.t.JMeterThread: Thread started: users 1-79
2026-04-06 14:18:35,537 INFO o.a.j.t.JMeterThread: Thread started: users 1-80
2026-04-06 14:18:35,540 INFO o.a.j.t.JMeterThread: Thread started: users 1-81
2026-04-06 14:18:35,542 INFO o.a.j.t.JMeterThread: Thread started: users 1-82
2026-04-06 14:18:35,552 INFO o.a.j.t.JMeterThread: Thread started: users 1-83
2026-04-06 14:18:35,558 INFO o.a.j.t.JMeterThread: Thread started: users 1-84
2026-04-06 14:18:35,561 INFO o.a.j.t.JMeterThread: Thread started: users 1-85
2026-04-06 14:18:35,566 INFO o.a.j.t.JMeterThread: Thread started: users 1-86
2026-04-06 14:18:35,568 INFO o.a.j.t.JMeterThread: Thread started: users 1-87
2026-04-06 14:18:35,576 INFO o.a.j.t.JMeterThread: Thread started: users 1-88
2026-04-06 14:18:35,582 INFO o.a.j.t.JMeterThread: Thread started: users 1-89
2026-04-06 14:18:35,582 INFO o.a.j.t.JMeterThread: Thread started: users 1-90
2026-04-06 14:18:35,591 INFO o.a.j.t.JMeterThread: Thread started: users 1-91
2026-04-06 14:18:35,596 INFO o.a.j.t.JMeterThread: Thread started: users 1-92
2026-04-06 14:18:35,601 INFO o.a.j.t.JMeterThread: Thread started: users 1-93
2026-04-06 14:18:35,601 INFO o.a.j.t.JMeterThread: Thread started: users 1-94
2026-04-06 14:18:35,611 INFO o.a.j.t.JMeterThread: Thread started: users 1-95
2026-04-06 14:18:35,616 INFO o.a.j.t.JMeterThread: Thread started: users 1-96
2026-04-06 14:18:35,620 INFO o.a.j.t.JMeterThread: Thread started: users 1-97
2026-04-06 14:18:35,626 INFO o.a.j.t.JMeterThread: Thread started: users 1-98
2026-04-06 14:18:35,631 INFO o.a.j.t.JMeterThread: Thread started: users 1-99
2026-04-06 14:18:35,636 INFO o.a.j.t.JMeterThread: Thread started: users 1-100
2026-04-06 14:18:35,642 INFO o.a.j.t.JMeterThread: Thread started: users 1-101
2026-04-06 14:18:35,647 INFO o.a.j.t.JMeterThread: Thread started: users 1-102
2026-04-06 14:18:35,647 INFO o.a.j.t.JMeterThread: Thread started: users 1-103
2026-04-06 14:18:35,656 INFO o.a.j.t.JMeterThread: Thread started: users 1-104
2026-04-06 14:18:35,661 INFO o.a.j.t.JMeterThread: Thread started: users 1-105
2026-04-06 14:18:35,666 INFO o.a.j.t.JMeterThread: Thread started: users 1-106
2026-04-06 14:18:35,671 INFO o.a.j.t.JMeterThread: Thread started: users 1-107
2026-04-06 14:18:35,676 INFO o.a.j.t.JMeterThread: Thread started: users 1-108
2026-04-06 14:18:35,681 INFO o.a.j.t.JMeterThread: Thread started: users 1-109
2026-04-06 14:18:35,686 INFO o.a.j.t.JMeterThread: Thread started: users 1-110
2026-04-06 14:18:35,691 INFO o.a.j.t.JMeterThread: Thread started: users 1-111
2026-04-06 14:18:35,694 INFO o.a.j.t.JMeterThread: Thread started: users 1-112
2026-04-06 14:18:35,701 INFO o.a.j.t.JMeterThread: Thread started: users 1-113
2026-04-06 14:18:35,704 INFO o.a.j.t.JMeterThread: Thread started: users 1-114
2026-04-06 14:18:35,711 INFO o.a.j.t.JMeterThread: Thread started: users 1-115
2026-04-06 14:18:35,711 INFO o.a.j.t.JMeterThread: Thread started: users 1-116
2026-04-06 14:18:35,721 INFO o.a.j.t.JMeterThread: Thread started: users 1-117
2026-04-06 14:18:35,727 INFO o.a.j.t.JMeterThread: Thread started: users 1-118
2026-04-06 14:18:35,731 INFO o.a.j.t.JMeterThread: Thread started: users 1-119
2026-04-06 14:18:35,734 INFO o.a.j.t.JMeterThread: Thread started: users 1-120
2026-04-06 14:18:35,738 INFO o.a.j.t.JMeterThread: Thread started: users 1-121
2026-04-06 14:18:35,744 INFO o.a.j.t.JMeterThread: Thread started: users 1-122
2026-04-06 14:18:35,751 INFO o.a.j.t.JMeterThread: Thread started: users 1-123
2026-04-06 14:18:35,755 INFO o.a.j.t.JMeterThread: Thread started: users 1-124
2026-04-06 14:18:35,760 INFO o.a.j.t.JMeterThread: Thread started: users 1-125
2026-04-06 14:18:35,762 INFO o.a.j.t.JMeterThread: Thread started: users 1-126
2026-04-06 14:18:35,768 INFO o.a.j.t.JMeterThread: Thread started: users 1-127
2026-04-06 14:18:35,777 INFO o.a.j.t.JMeterThread: Thread started: users 1-128
2026-04-06 14:18:35,782 INFO o.a.j.t.JMeterThread: Thread started: users 1-130
2026-04-06 14:18:35,782 INFO o.a.j.t.JMeterThread: Thread started: users 1-129
2026-04-06 14:18:35,791 INFO o.a.j.t.JMeterThread: Thread started: users 1-131
2026-04-06 14:18:35,796 INFO o.a.j.t.JMeterThread: Thread started: users 1-132
2026-04-06 14:18:35,801 INFO o.a.j.t.JMeterThread: Thread started: users 1-133
2026-04-06 14:18:35,806 INFO o.a.j.t.JMeterThread: Thread started: users 1-134
2026-04-06 14:18:35,806 INFO o.a.j.t.JMeterThread: Thread started: users 1-135
2026-04-06 14:18:35,813 INFO o.a.j.t.JMeterThread: Thread started: users 1-136
2026-04-06 14:18:35,818 INFO o.a.j.t.JMeterThread: Thread started: users 1-137
2026-04-06 14:18:35,826 INFO o.a.j.t.JMeterThread: Thread started: users 1-138
2026-04-06 14:18:35,827 INFO o.a.j.t.JMeterThread: Thread started: users 1-139
2026-04-06 14:18:35,835 INFO o.a.j.t.JMeterThread: Thread started: users 1-140
2026-04-06 14:18:35,841 INFO o.a.j.t.JMeterThread: Thread started: users 1-141
2026-04-06 14:18:35,841 INFO o.a.j.t.JMeterThread: Thread started: users 1-142
2026-04-06 14:18:35,851 INFO o.a.j.t.JMeterThread: Thread started: users 1-143
2026-04-06 14:18:35,857 INFO o.a.j.t.JMeterThread: Thread started: users 1-144
2026-04-06 14:18:35,862 INFO o.a.j.t.JMeterThread: Thread started: users 1-146
2026-04-06 14:18:35,862 INFO o.a.j.t.JMeterThread: Thread started: users 1-145
2026-04-06 14:18:35,871 INFO o.a.j.t.JMeterThread: Thread started: users 1-147
2026-04-06 14:18:35,876 INFO o.a.j.t.JMeterThread: Thread started: users 1-148
2026-04-06 14:18:35,881 INFO o.a.j.t.JMeterThread: Thread started: users 1-149
2026-04-06 14:18:35,886 INFO o.a.j.t.JMeterThread: Thread started: users 1-150
2026-04-06 14:18:35,892 INFO o.a.j.t.JMeterThread: Thread started: users 1-151
2026-04-06 14:18:35,893 INFO o.a.j.t.JMeterThread: Thread started: users 1-152
2026-04-06 14:18:35,901 INFO o.a.j.t.JMeterThread: Thread started: users 1-154
2026-04-06 14:18:35,902 INFO o.a.j.t.JMeterThread: Thread started: users 1-153
2026-04-06 14:18:35,910 INFO o.a.j.t.JMeterThread: Thread started: users 1-155
2026-04-06 14:18:35,915 INFO o.a.j.t.JMeterThread: Thread started: users 1-156
2026-04-06 14:18:35,922 INFO o.a.j.t.JMeterThread: Thread started: users 1-157
2026-04-06 14:18:35,926 INFO o.a.j.t.JMeterThread: Thread started: users 1-158
2026-04-06 14:18:35,926 INFO o.a.j.t.JMeterThread: Thread started: users 1-159
2026-04-06 14:18:35,940 INFO o.a.j.t.JMeterThread: Thread started: users 1-160
2026-04-06 14:18:35,947 INFO o.a.j.t.JMeterThread: Thread started: users 1-162
2026-04-06 14:18:35,950 INFO o.a.j.t.JMeterThread: Thread started: users 1-161
2026-04-06 14:18:35,950 INFO o.a.j.t.JMeterThread: Thread started: users 1-163
2026-04-06 14:18:35,958 INFO o.a.j.t.JMeterThread: Thread started: users 1-164
2026-04-06 14:18:35,961 INFO o.a.j.t.JMeterThread: Thread started: users 1-165
2026-04-06 14:18:35,966 INFO o.a.j.t.JMeterThread: Thread started: users 1-166
2026-04-06 14:18:35,968 INFO o.a.j.t.JMeterThread: Thread started: users 1-167
2026-04-06 14:18:35,978 INFO o.a.j.t.JMeterThread: Thread started: users 1-168
2026-04-06 14:18:35,981 INFO o.a.j.t.JMeterThread: Thread started: users 1-169
2026-04-06 14:18:35,986 INFO o.a.j.t.JMeterThread: Thread started: users 1-170
2026-04-06 14:18:35,990 INFO o.a.j.t.JMeterThread: Thread started: users 1-171
2026-04-06 14:18:35,993 INFO o.a.j.t.JMeterThread: Thread started: users 1-172
2026-04-06 14:18:36,001 INFO o.a.j.t.JMeterThread: Thread started: users 1-173
2026-04-06 14:18:36,002 INFO o.a.j.t.JMeterThread: Thread started: users 1-174
2026-04-06 14:18:36,007 INFO o.a.j.t.JMeterThread: Thread started: users 1-175
2026-04-06 14:18:36,016 INFO o.a.j.t.JMeterThread: Thread started: users 1-176
2026-04-06 14:18:36,022 INFO o.a.j.t.JMeterThread: Thread started: users 1-177
2026-04-06 14:18:36,026 INFO o.a.j.t.JMeterThread: Thread started: users 1-178
2026-04-06 14:18:36,028 INFO o.a.j.t.JMeterThread: Thread started: users 1-179
2026-04-06 14:18:36,035 INFO o.a.j.t.JMeterThread: Thread started: users 1-180
2026-04-06 14:18:36,039 INFO o.a.j.t.JMeterThread: Thread started: users 1-181
2026-04-06 14:18:36,046 INFO o.a.j.t.JMeterThread: Thread started: users 1-182
2026-04-06 14:18:36,047 INFO o.a.j.t.JMeterThread: Thread started: users 1-183
2026-04-06 14:18:36,056 INFO o.a.j.t.JMeterThread: Thread started: users 1-184
2026-04-06 14:18:36,059 INFO o.a.j.t.JMeterThread: Thread started: users 1-185
2026-04-06 14:18:36,064 INFO o.a.j.t.JMeterThread: Thread started: users 1-186
2026-04-06 14:18:36,068 INFO o.a.j.t.JMeterThread: Thread started: users 1-187
2026-04-06 14:18:36,076 INFO o.a.j.t.JMeterThread: Thread started: users 1-188
2026-04-06 14:18:36,081 INFO o.a.j.t.JMeterThread: Thread started: users 1-189
2026-04-06 14:18:36,087 INFO o.a.j.t.JMeterThread: Thread started: users 1-190
2026-04-06 14:18:36,092 INFO o.a.j.t.JMeterThread: Thread started: users 1-191
2026-04-06 14:18:36,092 INFO o.a.j.t.JMeterThread: Thread started: users 1-192
2026-04-06 14:18:36,101 INFO o.a.j.t.JMeterThread: Thread started: users 1-193
2026-04-06 14:18:36,104 INFO o.a.j.t.JMeterThread: Thread started: users 1-194
2026-04-06 14:18:36,111 INFO o.a.j.t.JMeterThread: Thread started: users 1-195
2026-04-06 14:18:36,112 INFO o.a.j.t.JMeterThread: Thread started: users 1-196
2026-04-06 14:18:36,121 INFO o.a.j.t.JMeterThread: Thread started: users 1-197
2026-04-06 14:18:36,126 INFO o.a.j.t.JMeterThread: Thread started: users 1-198
2026-04-06 14:18:36,129 INFO o.a.j.t.JMeterThread: Thread started: users 1-199
2026-04-06 14:18:36,136 INFO o.a.j.t.JMeterThread: Thread started: users 1-200
2026-04-06 18:49:10,623 INFO o.a.j.t.JMeterThread: Thread is done: users 1-183
2026-04-06 18:49:10,625 INFO o.a.j.t.JMeterThread: Thread finished: users 1-183
2026-04-06 18:49:10,841 INFO o.a.j.t.JMeterThread: Thread is done: users 1-2
2026-04-06 18:49:10,841 INFO o.a.j.t.JMeterThread: Thread finished: users 1-2
2026-04-06 18:49:10,845 INFO o.a.j.t.JMeterThread: Thread is done: users 1-69
2026-04-06 18:49:10,845 INFO o.a.j.t.JMeterThread: Thread finished: users 1-69
2026-04-06 18:49:10,850 INFO o.a.j.t.JMeterThread: Thread is done: users 1-108
2026-04-06 18:49:10,850 INFO o.a.j.t.JMeterThread: Thread finished: users 1-108
2026-04-06 18:49:10,942 INFO o.a.j.t.JMeterThread: Thread is done: users 1-24
2026-04-06 18:49:10,942 INFO o.a.j.t.JMeterThread: Thread finished: users 1-24
2026-04-06 18:49:10,998 INFO o.a.j.t.JMeterThread: Thread is done: users 1-194
2026-04-06 18:49:10,998 INFO o.a.j.t.JMeterThread: Thread finished: users 1-194
2026-04-06 18:49:11,059 INFO o.a.j.t.JMeterThread: Thread is done: users 1-111
2026-04-06 18:49:11,059 INFO o.a.j.t.JMeterThread: Thread finished: users 1-111
2026-04-06 18:49:11,060 INFO o.a.j.t.JMeterThread: Thread is done: users 1-35
2026-04-06 18:49:11,060 INFO o.a.j.t.JMeterThread: Thread is done: users 1-48
2026-04-06 18:49:11,060 INFO o.a.j.t.JMeterThread: Thread finished: users 1-35
2026-04-06 18:49:11,060 INFO o.a.j.t.JMeterThread: Thread finished: users 1-48
2026-04-06 18:49:11,075 INFO o.a.j.t.JMeterThread: Thread is done: users 1-54
2026-04-06 18:49:11,076 INFO o.a.j.t.JMeterThread: Thread finished: users 1-54
2026-04-06 18:49:11,109 INFO o.a.j.t.JMeterThread: Thread is done: users 1-70
2026-04-06 18:49:11,109 INFO o.a.j.t.JMeterThread: Thread finished: users 1-70
2026-04-06 18:49:11,129 INFO o.a.j.t.JMeterThread: Thread is done: users 1-96
2026-04-06 18:49:11,129 INFO o.a.j.t.JMeterThread: Thread finished: users 1-96
2026-04-06 18:49:11,183 INFO o.a.j.t.JMeterThread: Thread is done: users 1-13
2026-04-06 18:49:11,183 INFO o.a.j.t.JMeterThread: Thread finished: users 1-13
2026-04-06 18:49:11,187 INFO o.a.j.t.JMeterThread: Thread is done: users 1-28
2026-04-06 18:49:11,187 INFO o.a.j.t.JMeterThread: Thread finished: users 1-28
2026-04-06 18:49:11,192 INFO o.a.j.t.JMeterThread: Thread is done: users 1-190
2026-04-06 18:49:11,192 INFO o.a.j.t.JMeterThread: Thread finished: users 1-190
2026-04-06 18:49:11,293 INFO o.a.j.t.JMeterThread: Thread is done: users 1-109
2026-04-06 18:49:11,294 INFO o.a.j.t.JMeterThread: Thread finished: users 1-109
2026-04-06 18:49:11,298 INFO o.a.j.t.JMeterThread: Thread is done: users 1-1
2026-04-06 18:49:11,298 INFO o.a.j.t.JMeterThread: Thread finished: users 1-1
2026-04-06 18:49:11,343 INFO o.a.j.t.JMeterThread: Thread is done: users 1-29
2026-04-06 18:49:11,343 INFO o.a.j.t.JMeterThread: Thread finished: users 1-29
2026-04-06 18:49:11,367 INFO o.a.j.t.JMeterThread: Thread is done: users 1-118
2026-04-06 18:49:11,367 INFO o.a.j.t.JMeterThread: Thread finished: users 1-118
2026-04-06 18:49:11,380 INFO o.a.j.t.JMeterThread: Thread is done: users 1-117
2026-04-06 18:49:11,380 INFO o.a.j.t.JMeterThread: Thread finished: users 1-117
2026-04-06 18:49:11,446 INFO o.a.j.t.JMeterThread: Thread is done: users 1-146
2026-04-06 18:49:11,446 INFO o.a.j.t.JMeterThread: Thread finished: users 1-146
2026-04-06 18:49:11,456 INFO o.a.j.t.JMeterThread: Thread is done: users 1-73
2026-04-06 18:49:11,456 INFO o.a.j.t.JMeterThread: Thread finished: users 1-73
2026-04-06 18:49:11,481 INFO o.a.j.t.JMeterThread: Thread is done: users 1-200
2026-04-06 18:49:11,481 INFO o.a.j.t.JMeterThread: Thread finished: users 1-200
2026-04-06 18:49:11,486 INFO o.a.j.t.JMeterThread: Thread is done: users 1-60
2026-04-06 18:49:11,486 INFO o.a.j.t.JMeterThread: Thread finished: users 1-60
2026-04-06 18:49:11,493 INFO o.a.j.t.JMeterThread: Thread is done: users 1-6
2026-04-06 18:49:11,493 INFO o.a.j.t.JMeterThread: Thread finished: users 1-6
2026-04-06 18:49:11,494 INFO o.a.j.t.JMeterThread: Thread is done: users 1-148
2026-04-06 18:49:11,494 INFO o.a.j.t.JMeterThread: Thread finished: users 1-148
2026-04-06 18:49:11,496 INFO o.a.j.t.JMeterThread: Thread is done: users 1-86
2026-04-06 18:49:11,496 INFO o.a.j.t.JMeterThread: Thread finished: users 1-86
2026-04-06 18:49:11,497 INFO o.a.j.t.JMeterThread: Thread is done: users 1-51
2026-04-06 18:49:11,497 INFO o.a.j.t.JMeterThread: Thread finished: users 1-51
2026-04-06 18:49:11,499 INFO o.a.j.t.JMeterThread: Thread is done: users 1-64
2026-04-06 18:49:11,499 INFO o.a.j.t.JMeterThread: Thread finished: users 1-64
2026-04-06 18:49:11,501 INFO o.a.j.t.JMeterThread: Thread is done: users 1-177
2026-04-06 18:49:11,501 INFO o.a.j.t.JMeterThread: Thread finished: users 1-177
2026-04-06 18:49:11,520 INFO o.a.j.t.JMeterThread: Thread is done: users 1-154
2026-04-06 18:49:11,521 INFO o.a.j.t.JMeterThread: Thread finished: users 1-154
2026-04-06 18:49:11,550 INFO o.a.j.t.JMeterThread: Thread is done: users 1-22
2026-04-06 18:49:11,550 INFO o.a.j.t.JMeterThread: Thread finished: users 1-22
2026-04-06 18:49:11,562 INFO o.a.j.t.JMeterThread: Thread is done: users 1-100
2026-04-06 18:49:11,563 INFO o.a.j.t.JMeterThread: Thread finished: users 1-100
2026-04-06 18:49:11,565 INFO o.a.j.t.JMeterThread: Thread is done: users 1-129
2026-04-06 18:49:11,565 INFO o.a.j.t.JMeterThread: Thread finished: users 1-129
2026-04-06 18:49:11,566 INFO o.a.j.t.JMeterThread: Thread is done: users 1-180
2026-04-06 18:49:11,566 INFO o.a.j.t.JMeterThread: Thread finished: users 1-180
2026-04-06 18:49:11,583 INFO o.a.j.t.JMeterThread: Thread is done: users 1-81
2026-04-06 18:49:11,583 INFO o.a.j.t.JMeterThread: Thread finished: users 1-81
2026-04-06 18:49:11,611 INFO o.a.j.t.JMeterThread: Thread is done: users 1-127
2026-04-06 18:49:11,611 INFO o.a.j.t.JMeterThread: Thread finished: users 1-127
2026-04-06 18:49:11,615 INFO o.a.j.t.JMeterThread: Thread is done: users 1-123
2026-04-06 18:49:11,615 INFO o.a.j.t.JMeterThread: Thread finished: users 1-123
2026-04-06 18:49:11,615 INFO o.a.j.t.JMeterThread: Thread is done: users 1-160
2026-04-06 18:49:11,616 INFO o.a.j.t.JMeterThread: Thread finished: users 1-160
2026-04-06 18:49:11,618 INFO o.a.j.t.JMeterThread: Thread is done: users 1-114
2026-04-06 18:49:11,618 INFO o.a.j.t.JMeterThread: Thread finished: users 1-114
2026-04-06 18:49:11,626 INFO o.a.j.t.JMeterThread: Thread is done: users 1-172
2026-04-06 18:49:11,626 INFO o.a.j.t.JMeterThread: Thread finished: users 1-172
2026-04-06 18:49:11,627 INFO o.a.j.t.JMeterThread: Thread is done: users 1-167
2026-04-06 18:49:11,627 INFO o.a.j.t.JMeterThread: Thread finished: users 1-167
2026-04-06 18:49:11,630 INFO o.a.j.t.JMeterThread: Thread is done: users 1-151
2026-04-06 18:49:11,630 INFO o.a.j.t.JMeterThread: Thread finished: users 1-151
2026-04-06 18:49:11,645 INFO o.a.j.t.JMeterThread: Thread is done: users 1-165
2026-04-06 18:49:11,645 INFO o.a.j.t.JMeterThread: Thread finished: users 1-165
2026-04-06 18:49:11,663 INFO o.a.j.t.JMeterThread: Thread is done: users 1-40
2026-04-06 18:49:11,663 INFO o.a.j.t.JMeterThread: Thread finished: users 1-40
2026-04-06 18:49:11,668 INFO o.a.j.t.JMeterThread: Thread is done: users 1-169
2026-04-06 18:49:11,668 INFO o.a.j.t.JMeterThread: Thread finished: users 1-169
2026-04-06 18:49:11,668 INFO o.a.j.t.JMeterThread: Thread is done: users 1-80
2026-04-06 18:49:11,668 INFO o.a.j.t.JMeterThread: Thread finished: users 1-80
2026-04-06 18:49:11,678 INFO o.a.j.t.JMeterThread: Thread is done: users 1-132
2026-04-06 18:49:11,678 INFO o.a.j.t.JMeterThread: Thread finished: users 1-132
2026-04-06 18:49:11,679 INFO o.a.j.t.JMeterThread: Thread is done: users 1-75
2026-04-06 18:49:11,679 INFO o.a.j.t.JMeterThread: Thread finished: users 1-75
2026-04-06 18:49:11,691 INFO o.a.j.t.JMeterThread: Thread is done: users 1-85
2026-04-06 18:49:11,691 INFO o.a.j.t.JMeterThread: Thread finished: users 1-85
2026-04-06 18:49:11,694 INFO o.a.j.t.JMeterThread: Thread is done: users 1-92
2026-04-06 18:49:11,694 INFO o.a.j.t.JMeterThread: Thread finished: users 1-92
2026-04-06 18:49:11,696 INFO o.a.j.t.JMeterThread: Thread is done: users 1-23
2026-04-06 18:49:11,696 INFO o.a.j.t.JMeterThread: Thread finished: users 1-23
2026-04-06 18:49:11,718 INFO o.a.j.t.JMeterThread: Thread is done: users 1-139
2026-04-06 18:49:11,718 INFO o.a.j.t.JMeterThread: Thread finished: users 1-139
2026-04-06 18:49:11,726 INFO o.a.j.t.JMeterThread: Thread is done: users 1-130
2026-04-06 18:49:11,727 INFO o.a.j.t.JMeterThread: Thread finished: users 1-130
2026-04-06 18:49:11,732 INFO o.a.j.t.JMeterThread: Thread is done: users 1-119
2026-04-06 18:49:11,732 INFO o.a.j.t.JMeterThread: Thread finished: users 1-119
2026-04-06 18:49:11,737 INFO o.a.j.t.JMeterThread: Thread is done: users 1-157
2026-04-06 18:49:11,737 INFO o.a.j.t.JMeterThread: Thread finished: users 1-157
2026-04-06 18:49:11,744 INFO o.a.j.t.JMeterThread: Thread is done: users 1-5
2026-04-06 18:49:11,745 INFO o.a.j.t.JMeterThread: Thread finished: users 1-5
2026-04-06 18:49:11,746 INFO o.a.j.t.JMeterThread: Thread is done: users 1-19
2026-04-06 18:49:11,746 INFO o.a.j.t.JMeterThread: Thread finished: users 1-19
2026-04-06 18:49:11,751 INFO o.a.j.t.JMeterThread: Thread is done: users 1-186
2026-04-06 18:49:11,751 INFO o.a.j.t.JMeterThread: Thread finished: users 1-186
2026-04-06 18:49:11,754 INFO o.a.j.t.JMeterThread: Thread is done: users 1-39
2026-04-06 18:49:11,754 INFO o.a.j.t.JMeterThread: Thread finished: users 1-39
2026-04-06 18:49:11,756 INFO o.a.j.t.JMeterThread: Thread is done: users 1-88
2026-04-06 18:49:11,756 INFO o.a.j.t.JMeterThread: Thread finished: users 1-88
2026-04-06 18:49:11,761 INFO o.a.j.t.JMeterThread: Thread is done: users 1-65
2026-04-06 18:49:11,762 INFO o.a.j.t.JMeterThread: Thread finished: users 1-65
2026-04-06 18:49:11,791 INFO o.a.j.t.JMeterThread: Thread is done: users 1-176
2026-04-06 18:49:11,791 INFO o.a.j.t.JMeterThread: Thread finished: users 1-176
2026-04-06 18:49:11,795 INFO o.a.j.t.JMeterThread: Thread is done: users 1-68
2026-04-06 18:49:11,795 INFO o.a.j.t.JMeterThread: Thread finished: users 1-68
2026-04-06 18:49:11,802 INFO o.a.j.t.JMeterThread: Thread is done: users 1-135
2026-04-06 18:49:11,802 INFO o.a.j.t.JMeterThread: Thread finished: users 1-135
2026-04-06 18:49:11,804 INFO o.a.j.t.JMeterThread: Thread is done: users 1-31
2026-04-06 18:49:11,804 INFO o.a.j.t.JMeterThread: Thread finished: users 1-31
2026-04-06 18:49:11,821 INFO o.a.j.t.JMeterThread: Thread is done: users 1-164
2026-04-06 18:49:11,821 INFO o.a.j.t.JMeterThread: Thread finished: users 1-164
2026-04-06 18:49:11,827 INFO o.a.j.t.JMeterThread: Thread is done: users 1-192
2026-04-06 18:49:11,827 INFO o.a.j.t.JMeterThread: Thread finished: users 1-192
2026-04-06 18:49:11,827 INFO o.a.j.t.JMeterThread: Thread is done: users 1-3
2026-04-06 18:49:11,827 INFO o.a.j.t.JMeterThread: Thread finished: users 1-3
2026-04-06 18:49:11,843 INFO o.a.j.t.JMeterThread: Thread is done: users 1-144
2026-04-06 18:49:11,843 INFO o.a.j.t.JMeterThread: Thread finished: users 1-144
2026-04-06 18:49:11,850 INFO o.a.j.t.JMeterThread: Thread is done: users 1-32
2026-04-06 18:49:11,850 INFO o.a.j.t.JMeterThread: Thread finished: users 1-32
2026-04-06 18:49:11,861 INFO o.a.j.t.JMeterThread: Thread is done: users 1-168
2026-04-06 18:49:11,861 INFO o.a.j.t.JMeterThread: Thread finished: users 1-168
2026-04-06 18:49:11,866 INFO o.a.j.t.JMeterThread: Thread is done: users 1-55
2026-04-06 18:49:11,866 INFO o.a.j.t.JMeterThread: Thread finished: users 1-55
2026-04-06 18:49:11,892 INFO o.a.j.t.JMeterThread: Thread is done: users 1-4
2026-04-06 18:49:11,892 INFO o.a.j.t.JMeterThread: Thread finished: users 1-4
2026-04-06 18:49:11,893 INFO o.a.j.t.JMeterThread: Thread is done: users 1-41
2026-04-06 18:49:11,893 INFO o.a.j.t.JMeterThread: Thread finished: users 1-41
2026-04-06 18:49:11,895 INFO o.a.j.t.JMeterThread: Thread is done: users 1-103
2026-04-06 18:49:11,895 INFO o.a.j.t.JMeterThread: Thread finished: users 1-103
2026-04-06 18:49:11,896 INFO o.a.j.t.JMeterThread: Thread is done: users 1-142
2026-04-06 18:49:11,896 INFO o.a.j.t.JMeterThread: Thread finished: users 1-142
2026-04-06 18:49:11,899 INFO o.a.j.t.JMeterThread: Thread is done: users 1-104
2026-04-06 18:49:11,900 INFO o.a.j.t.JMeterThread: Thread finished: users 1-104
2026-04-06 18:49:11,902 INFO o.a.j.t.JMeterThread: Thread is done: users 1-195
2026-04-06 18:49:11,902 INFO o.a.j.t.JMeterThread: Thread finished: users 1-195
2026-04-06 18:49:11,904 INFO o.a.j.t.JMeterThread: Thread is done: users 1-72
2026-04-06 18:49:11,904 INFO o.a.j.t.JMeterThread: Thread finished: users 1-72
2026-04-06 18:49:11,907 INFO o.a.j.t.JMeterThread: Thread is done: users 1-8
2026-04-06 18:49:11,907 INFO o.a.j.t.JMeterThread: Thread finished: users 1-8
2026-04-06 18:49:11,908 INFO o.a.j.t.JMeterThread: Thread is done: users 1-33
2026-04-06 18:49:11,908 INFO o.a.j.t.JMeterThread: Thread finished: users 1-33
2026-04-06 18:49:11,914 INFO o.a.j.t.JMeterThread: Thread is done: users 1-184
2026-04-06 18:49:11,914 INFO o.a.j.t.JMeterThread: Thread finished: users 1-184
2026-04-06 18:49:11,915 INFO o.a.j.t.JMeterThread: Thread is done: users 1-36
2026-04-06 18:49:11,915 INFO o.a.j.t.JMeterThread: Thread finished: users 1-36
2026-04-06 18:49:11,918 INFO o.a.j.t.JMeterThread: Thread is done: users 1-52
2026-04-06 18:49:11,918 INFO o.a.j.t.JMeterThread: Thread finished: users 1-52
2026-04-06 18:49:11,920 INFO o.a.j.t.JMeterThread: Thread is done: users 1-128
2026-04-06 18:49:11,920 INFO o.a.j.t.JMeterThread: Thread finished: users 1-128
2026-04-06 18:49:11,929 INFO o.a.j.t.JMeterThread: Thread is done: users 1-137
2026-04-06 18:49:11,929 INFO o.a.j.t.JMeterThread: Thread finished: users 1-137
2026-04-06 18:49:11,934 INFO o.a.j.t.JMeterThread: Thread is done: users 1-10
2026-04-06 18:49:11,934 INFO o.a.j.t.JMeterThread: Thread finished: users 1-10
2026-04-06 18:49:11,935 INFO o.a.j.t.JMeterThread: Thread is done: users 1-78
2026-04-06 18:49:11,935 INFO o.a.j.t.JMeterThread: Thread finished: users 1-78
2026-04-06 18:49:11,937 INFO o.a.j.t.JMeterThread: Thread is done: users 1-58
2026-04-06 18:49:11,937 INFO o.a.j.t.JMeterThread: Thread finished: users 1-58
2026-04-06 18:49:11,939 INFO o.a.j.t.JMeterThread: Thread is done: users 1-14
2026-04-06 18:49:11,939 INFO o.a.j.t.JMeterThread: Thread finished: users 1-14
2026-04-06 18:49:11,949 INFO o.a.j.t.JMeterThread: Thread is done: users 1-120
2026-04-06 18:49:11,949 INFO o.a.j.t.JMeterThread: Thread finished: users 1-120
2026-04-06 18:49:11,952 INFO o.a.j.t.JMeterThread: Thread is done: users 1-199
2026-04-06 18:49:11,952 INFO o.a.j.t.JMeterThread: Thread finished: users 1-199
2026-04-06 18:49:11,957 INFO o.a.j.t.JMeterThread: Thread is done: users 1-62
2026-04-06 18:49:11,957 INFO o.a.j.t.JMeterThread: Thread finished: users 1-62
2026-04-06 18:49:11,962 INFO o.a.j.t.JMeterThread: Thread is done: users 1-101
2026-04-06 18:49:11,962 INFO o.a.j.t.JMeterThread: Thread finished: users 1-101
2026-04-06 18:49:11,963 INFO o.a.j.t.JMeterThread: Thread is done: users 1-162
2026-04-06 18:49:11,963 INFO o.a.j.t.JMeterThread: Thread finished: users 1-162
2026-04-06 18:49:11,964 INFO o.a.j.t.JMeterThread: Thread is done: users 1-147
2026-04-06 18:49:11,964 INFO o.a.j.t.JMeterThread: Thread finished: users 1-147
2026-04-06 18:49:11,964 INFO o.a.j.t.JMeterThread: Thread is done: users 1-112
2026-04-06 18:49:11,964 INFO o.a.j.t.JMeterThread: Thread finished: users 1-112
2026-04-06 18:49:11,965 INFO o.a.j.t.JMeterThread: Thread is done: users 1-143
2026-04-06 18:49:11,965 INFO o.a.j.t.JMeterThread: Thread finished: users 1-143
2026-04-06 18:49:11,971 INFO o.a.j.t.JMeterThread: Thread is done: users 1-89
2026-04-06 18:49:11,971 INFO o.a.j.t.JMeterThread: Thread finished: users 1-89
2026-04-06 18:49:11,977 INFO o.a.j.t.JMeterThread: Thread is done: users 1-116
2026-04-06 18:49:11,977 INFO o.a.j.t.JMeterThread: Thread finished: users 1-116
2026-04-06 18:49:11,979 INFO o.a.j.t.JMeterThread: Thread is done: users 1-141
2026-04-06 18:49:11,979 INFO o.a.j.t.JMeterThread: Thread finished: users 1-141
2026-04-06 18:49:11,980 INFO o.a.j.t.JMeterThread: Thread is done: users 1-87
2026-04-06 18:49:11,980 INFO o.a.j.t.JMeterThread: Thread finished: users 1-87
2026-04-06 18:49:11,985 INFO o.a.j.t.JMeterThread: Thread is done: users 1-189
2026-04-06 18:49:11,985 INFO o.a.j.t.JMeterThread: Thread finished: users 1-189
2026-04-06 18:49:11,987 INFO o.a.j.t.JMeterThread: Thread is done: users 1-185
2026-04-06 18:49:11,987 INFO o.a.j.t.JMeterThread: Thread finished: users 1-185
2026-04-06 18:49:11,989 INFO o.a.j.t.JMeterThread: Thread is done: users 1-145
2026-04-06 18:49:11,990 INFO o.a.j.t.JMeterThread: Thread finished: users 1-145
2026-04-06 18:49:11,994 INFO o.a.j.t.JMeterThread: Thread is done: users 1-187
2026-04-06 18:49:11,995 INFO o.a.j.t.JMeterThread: Thread finished: users 1-187
2026-04-06 18:49:11,996 INFO o.a.j.t.JMeterThread: Thread is done: users 1-196
2026-04-06 18:49:11,996 INFO o.a.j.t.JMeterThread: Thread finished: users 1-196
2026-04-06 18:49:12,000 INFO o.a.j.t.JMeterThread: Thread is done: users 1-47
2026-04-06 18:49:12,000 INFO o.a.j.t.JMeterThread: Thread finished: users 1-47
2026-04-06 18:49:12,002 INFO o.a.j.t.JMeterThread: Thread is done: users 1-126
2026-04-06 18:49:12,002 INFO o.a.j.t.JMeterThread: Thread finished: users 1-126
2026-04-06 18:49:12,003 INFO o.a.j.t.JMeterThread: Thread is done: users 1-12
2026-04-06 18:49:12,003 INFO o.a.j.t.JMeterThread: Thread finished: users 1-12
2026-04-06 18:49:12,004 INFO o.a.j.t.JMeterThread: Thread is done: users 1-42
2026-04-06 18:49:12,004 INFO o.a.j.t.JMeterThread: Thread finished: users 1-42
2026-04-06 18:49:12,004 INFO o.a.j.t.JMeterThread: Thread is done: users 1-18
2026-04-06 18:49:12,004 INFO o.a.j.t.JMeterThread: Thread finished: users 1-18
2026-04-06 18:49:12,010 INFO o.a.j.t.JMeterThread: Thread is done: users 1-122
2026-04-06 18:49:12,010 INFO o.a.j.t.JMeterThread: Thread is done: users 1-57
2026-04-06 18:49:12,010 INFO o.a.j.t.JMeterThread: Thread finished: users 1-57
2026-04-06 18:49:12,010 INFO o.a.j.t.JMeterThread: Thread finished: users 1-122
2026-04-06 18:49:12,011 INFO o.a.j.t.JMeterThread: Thread is done: users 1-105
2026-04-06 18:49:12,011 INFO o.a.j.t.JMeterThread: Thread finished: users 1-105
2026-04-06 18:49:12,012 INFO o.a.j.t.JMeterThread: Thread is done: users 1-182
2026-04-06 18:49:12,012 INFO o.a.j.t.JMeterThread: Thread finished: users 1-182
2026-04-06 18:49:12,015 INFO o.a.j.t.JMeterThread: Thread is done: users 1-133
2026-04-06 18:49:12,015 INFO o.a.j.t.JMeterThread: Thread finished: users 1-133
2026-04-06 18:49:12,022 INFO o.a.j.t.JMeterThread: Thread is done: users 1-26
2026-04-06 18:49:12,022 INFO o.a.j.t.JMeterThread: Thread finished: users 1-26
2026-04-06 18:49:12,024 INFO o.a.j.t.JMeterThread: Thread is done: users 1-21
2026-04-06 18:49:12,024 INFO o.a.j.t.JMeterThread: Thread finished: users 1-21
2026-04-06 18:49:12,028 INFO o.a.j.t.JMeterThread: Thread is done: users 1-173
2026-04-06 18:49:12,028 INFO o.a.j.t.JMeterThread: Thread finished: users 1-173
2026-04-06 18:49:12,028 INFO o.a.j.t.JMeterThread: Thread is done: users 1-71
2026-04-06 18:49:12,028 INFO o.a.j.t.JMeterThread: Thread finished: users 1-71
2026-04-06 18:49:12,031 INFO o.a.j.t.JMeterThread: Thread is done: users 1-140
2026-04-06 18:49:12,031 INFO o.a.j.t.JMeterThread: Thread finished: users 1-140
2026-04-06 18:49:12,032 INFO o.a.j.t.JMeterThread: Thread is done: users 1-9
2026-04-06 18:49:12,032 INFO o.a.j.t.JMeterThread: Thread is done: users 1-30
2026-04-06 18:49:12,032 INFO o.a.j.t.JMeterThread: Thread finished: users 1-30
2026-04-06 18:49:12,032 INFO o.a.j.t.JMeterThread: Thread finished: users 1-9
2026-04-06 18:49:12,033 INFO o.a.j.t.JMeterThread: Thread is done: users 1-150
2026-04-06 18:49:12,033 INFO o.a.j.t.JMeterThread: Thread finished: users 1-150
2026-04-06 18:49:12,035 INFO o.a.j.t.JMeterThread: Thread is done: users 1-179
2026-04-06 18:49:12,035 INFO o.a.j.t.JMeterThread: Thread finished: users 1-179
2026-04-06 18:49:12,038 INFO o.a.j.t.JMeterThread: Thread is done: users 1-161
2026-04-06 18:49:12,038 INFO o.a.j.t.JMeterThread: Thread finished: users 1-161
2026-04-06 18:49:12,039 INFO o.a.j.t.JMeterThread: Thread is done: users 1-178
2026-04-06 18:49:12,039 INFO o.a.j.t.JMeterThread: Thread finished: users 1-178
2026-04-06 18:49:12,041 INFO o.a.j.t.JMeterThread: Thread is done: users 1-84
2026-04-06 18:49:12,041 INFO o.a.j.t.JMeterThread: Thread finished: users 1-84
2026-04-06 18:49:12,041 INFO o.a.j.t.JMeterThread: Thread is done: users 1-197
2026-04-06 18:49:12,041 INFO o.a.j.t.JMeterThread: Thread is done: users 1-38
2026-04-06 18:49:12,041 INFO o.a.j.t.JMeterThread: Thread finished: users 1-38
2026-04-06 18:49:12,041 INFO o.a.j.t.JMeterThread: Thread is done: users 1-20
2026-04-06 18:49:12,042 INFO o.a.j.t.JMeterThread: Thread finished: users 1-20
2026-04-06 18:49:12,041 INFO o.a.j.t.JMeterThread: Thread finished: users 1-197
2026-04-06 18:49:12,042 INFO o.a.j.t.JMeterThread: Thread is done: users 1-61
2026-04-06 18:49:12,042 INFO o.a.j.t.JMeterThread: Thread finished: users 1-61
2026-04-06 18:49:12,043 INFO o.a.j.t.JMeterThread: Thread is done: users 1-7
2026-04-06 18:49:12,043 INFO o.a.j.t.JMeterThread: Thread finished: users 1-7
2026-04-06 18:49:12,045 INFO o.a.j.t.JMeterThread: Thread is done: users 1-77
2026-04-06 18:49:12,045 INFO o.a.j.t.JMeterThread: Thread finished: users 1-77
2026-04-06 18:49:12,048 INFO o.a.j.t.JMeterThread: Thread is done: users 1-63
2026-04-06 18:49:12,048 INFO o.a.j.t.JMeterThread: Thread finished: users 1-63
2026-04-06 18:49:12,048 INFO o.a.j.t.JMeterThread: Thread is done: users 1-91
2026-04-06 18:49:12,048 INFO o.a.j.t.JMeterThread: Thread finished: users 1-91
2026-04-06 18:49:12,050 INFO o.a.j.t.JMeterThread: Thread is done: users 1-94
2026-04-06 18:49:12,050 INFO o.a.j.t.JMeterThread: Thread finished: users 1-94
2026-04-06 18:49:12,054 INFO o.a.j.t.JMeterThread: Thread is done: users 1-82
2026-04-06 18:49:12,054 INFO o.a.j.t.JMeterThread: Thread finished: users 1-82
2026-04-06 18:49:12,054 INFO o.a.j.t.JMeterThread: Thread is done: users 1-138
2026-04-06 18:49:12,054 INFO o.a.j.t.JMeterThread: Thread finished: users 1-138
2026-04-06 18:49:12,056 INFO o.a.j.t.JMeterThread: Thread is done: users 1-76
2026-04-06 18:49:12,056 INFO o.a.j.t.JMeterThread: Thread finished: users 1-76
2026-04-06 18:49:12,058 INFO o.a.j.t.JMeterThread: Thread is done: users 1-98
2026-04-06 18:49:12,058 INFO o.a.j.t.JMeterThread: Thread finished: users 1-98
2026-04-06 18:49:12,059 INFO o.a.j.t.JMeterThread: Thread is done: users 1-83
2026-04-06 18:49:12,059 INFO o.a.j.t.JMeterThread: Thread finished: users 1-83
2026-04-06 18:49:12,060 INFO o.a.j.t.JMeterThread: Thread is done: users 1-153
2026-04-06 18:49:12,060 INFO o.a.j.t.JMeterThread: Thread finished: users 1-153
2026-04-06 18:49:12,060 INFO o.a.j.t.JMeterThread: Thread is done: users 1-191
2026-04-06 18:49:12,060 INFO o.a.j.t.JMeterThread: Thread finished: users 1-191
2026-04-06 18:49:12,061 INFO o.a.j.t.JMeterThread: Thread is done: users 1-45
2026-04-06 18:49:12,061 INFO o.a.j.t.JMeterThread: Thread finished: users 1-45
2026-04-06 18:49:12,062 INFO o.a.j.t.JMeterThread: Thread is done: users 1-37
2026-04-06 18:49:12,062 INFO o.a.j.t.JMeterThread: Thread finished: users 1-37
2026-04-06 18:49:12,062 INFO o.a.j.t.JMeterThread: Thread is done: users 1-27
2026-04-06 18:49:12,062 INFO o.a.j.t.JMeterThread: Thread finished: users 1-27
2026-04-06 18:49:12,063 INFO o.a.j.t.JMeterThread: Thread is done: users 1-67
2026-04-06 18:49:12,063 INFO o.a.j.t.JMeterThread: Thread finished: users 1-67
2026-04-06 18:49:12,064 INFO o.a.j.t.JMeterThread: Thread is done: users 1-156
2026-04-06 18:49:12,064 INFO o.a.j.t.JMeterThread: Thread finished: users 1-156
2026-04-06 18:49:12,064 INFO o.a.j.t.JMeterThread: Thread is done: users 1-113
2026-04-06 18:49:12,064 INFO o.a.j.t.JMeterThread: Thread finished: users 1-113
2026-04-06 18:49:12,064 INFO o.a.j.t.JMeterThread: Thread is done: users 1-25
2026-04-06 18:49:12,064 INFO o.a.j.t.JMeterThread: Thread finished: users 1-25
2026-04-06 18:49:12,067 INFO o.a.j.t.JMeterThread: Thread is done: users 1-44
2026-04-06 18:49:12,067 INFO o.a.j.t.JMeterThread: Thread finished: users 1-44
2026-04-06 18:49:12,070 INFO o.a.j.t.JMeterThread: Thread is done: users 1-43
2026-04-06 18:49:12,070 INFO o.a.j.t.JMeterThread: Thread finished: users 1-43
2026-04-06 18:49:12,071 INFO o.a.j.t.JMeterThread: Thread is done: users 1-11
2026-04-06 18:49:12,071 INFO o.a.j.t.JMeterThread: Thread finished: users 1-11
2026-04-06 18:49:12,072 INFO o.a.j.t.JMeterThread: Thread is done: users 1-93
2026-04-06 18:49:12,072 INFO o.a.j.t.JMeterThread: Thread finished: users 1-93
2026-04-06 18:49:12,076 INFO o.a.j.t.JMeterThread: Thread is done: users 1-171
2026-04-06 18:49:12,076 INFO o.a.j.t.JMeterThread: Thread finished: users 1-171
2026-04-06 18:49:12,077 INFO o.a.j.t.JMeterThread: Thread is done: users 1-175
2026-04-06 18:49:12,077 INFO o.a.j.t.JMeterThread: Thread finished: users 1-175
2026-04-06 18:49:12,083 INFO o.a.j.t.JMeterThread: Thread is done: users 1-188
2026-04-06 18:49:12,083 INFO o.a.j.t.JMeterThread: Thread finished: users 1-188
2026-04-06 18:49:12,084 INFO o.a.j.t.JMeterThread: Thread is done: users 1-17
2026-04-06 18:49:12,084 INFO o.a.j.t.JMeterThread: Thread finished: users 1-17
2026-04-06 18:49:12,096 INFO o.a.j.t.JMeterThread: Thread is done: users 1-16
2026-04-06 18:49:12,096 INFO o.a.j.t.JMeterThread: Thread finished: users 1-16
2026-04-06 18:49:12,098 INFO o.a.j.t.JMeterThread: Thread is done: users 1-66
2026-04-06 18:49:12,098 INFO o.a.j.t.JMeterThread: Thread finished: users 1-66
2026-04-06 18:49:12,101 INFO o.a.j.t.JMeterThread: Thread is done: users 1-149
2026-04-06 18:49:12,101 INFO o.a.j.t.JMeterThread: Thread finished: users 1-149
2026-04-06 18:49:12,101 INFO o.a.j.t.JMeterThread: Thread is done: users 1-124
2026-04-06 18:49:12,101 INFO o.a.j.t.JMeterThread: Thread finished: users 1-124
2026-04-06 18:49:12,102 INFO o.a.j.t.JMeterThread: Thread is done: users 1-97
2026-04-06 18:49:12,102 INFO o.a.j.t.JMeterThread: Thread finished: users 1-97
2026-04-06 18:49:12,102 INFO o.a.j.t.JMeterThread: Thread is done: users 1-115
2026-04-06 18:49:12,102 INFO o.a.j.t.JMeterThread: Thread finished: users 1-115
2026-04-06 18:49:12,104 INFO o.a.j.t.JMeterThread: Thread is done: users 1-158
2026-04-06 18:49:12,104 INFO o.a.j.t.JMeterThread: Thread finished: users 1-158
2026-04-06 18:49:12,107 INFO o.a.j.t.JMeterThread: Thread is done: users 1-53
2026-04-06 18:49:12,107 INFO o.a.j.t.JMeterThread: Thread finished: users 1-53
2026-04-06 18:49:12,107 INFO o.a.j.t.JMeterThread: Thread is done: users 1-170
2026-04-06 18:49:12,107 INFO o.a.j.t.JMeterThread: Thread finished: users 1-170
2026-04-06 18:49:12,111 INFO o.a.j.t.JMeterThread: Thread is done: users 1-106
2026-04-06 18:49:12,111 INFO o.a.j.t.JMeterThread: Thread finished: users 1-106
2026-04-06 18:49:12,113 INFO o.a.j.t.JMeterThread: Thread is done: users 1-181
2026-04-06 18:49:12,113 INFO o.a.j.t.JMeterThread: Thread finished: users 1-181
2026-04-06 18:49:12,113 INFO o.a.j.t.JMeterThread: Thread is done: users 1-163
2026-04-06 18:49:12,113 INFO o.a.j.t.JMeterThread: Thread finished: users 1-163
2026-04-06 18:49:12,116 INFO o.a.j.t.JMeterThread: Thread is done: users 1-198
2026-04-06 18:49:12,116 INFO o.a.j.t.JMeterThread: Thread finished: users 1-198
2026-04-06 18:49:12,117 INFO o.a.j.t.JMeterThread: Thread is done: users 1-152
2026-04-06 18:49:12,117 INFO o.a.j.t.JMeterThread: Thread finished: users 1-152
2026-04-06 18:49:12,118 INFO o.a.j.t.JMeterThread: Thread is done: users 1-155
2026-04-06 18:49:12,118 INFO o.a.j.t.JMeterThread: Thread finished: users 1-155
2026-04-06 18:49:12,119 INFO o.a.j.t.JMeterThread: Thread is done: users 1-134
2026-04-06 18:49:12,119 INFO o.a.j.t.JMeterThread: Thread finished: users 1-134
2026-04-06 18:49:12,119 INFO o.a.j.t.JMeterThread: Thread is done: users 1-107
2026-04-06 18:49:12,119 INFO o.a.j.t.JMeterThread: Thread finished: users 1-107
2026-04-06 18:49:12,121 INFO o.a.j.t.JMeterThread: Thread is done: users 1-136
2026-04-06 18:49:12,122 INFO o.a.j.t.JMeterThread: Thread finished: users 1-136
2026-04-06 18:49:12,125 INFO o.a.j.t.JMeterThread: Thread is done: users 1-174
2026-04-06 18:49:12,125 INFO o.a.j.t.JMeterThread: Thread finished: users 1-174
2026-04-06 18:49:12,127 INFO o.a.j.t.JMeterThread: Thread is done: users 1-102
2026-04-06 18:49:12,127 INFO o.a.j.t.JMeterThread: Thread finished: users 1-102
2026-04-06 18:49:12,127 INFO o.a.j.t.JMeterThread: Thread is done: users 1-131
2026-04-06 18:49:12,127 INFO o.a.j.t.JMeterThread: Thread finished: users 1-131
2026-04-06 18:49:12,130 INFO o.a.j.t.JMeterThread: Thread is done: users 1-99
2026-04-06 18:49:12,130 INFO o.a.j.t.JMeterThread: Thread finished: users 1-99
2026-04-06 18:49:12,131 INFO o.a.j.t.JMeterThread: Thread is done: users 1-159
2026-04-06 18:49:12,131 INFO o.a.j.t.JMeterThread: Thread finished: users 1-159
2026-04-06 18:49:12,132 INFO o.a.j.t.JMeterThread: Thread is done: users 1-59
2026-04-06 18:49:12,132 INFO o.a.j.t.JMeterThread: Thread finished: users 1-59
2026-04-06 18:49:12,132 INFO o.a.j.t.JMeterThread: Thread is done: users 1-46
2026-04-06 18:49:12,132 INFO o.a.j.t.JMeterThread: Thread finished: users 1-46
2026-04-06 18:49:12,132 INFO o.a.j.t.JMeterThread: Thread is done: users 1-49
2026-04-06 18:49:12,132 INFO o.a.j.t.JMeterThread: Thread finished: users 1-49
2026-04-06 18:49:12,132 INFO o.a.j.t.JMeterThread: Thread is done: users 1-56
2026-04-06 18:49:12,132 INFO o.a.j.t.JMeterThread: Thread finished: users 1-56
2026-04-06 18:49:12,134 INFO o.a.j.t.JMeterThread: Thread is done: users 1-193
2026-04-06 18:49:12,134 INFO o.a.j.t.JMeterThread: Thread finished: users 1-193
2026-04-06 18:49:12,134 INFO o.a.j.t.JMeterThread: Thread is done: users 1-15
2026-04-06 18:49:12,134 INFO o.a.j.t.JMeterThread: Thread finished: users 1-15
2026-04-06 18:49:12,135 INFO o.a.j.t.JMeterThread: Thread is done: users 1-166
2026-04-06 18:49:12,135 INFO o.a.j.t.JMeterThread: Thread finished: users 1-166
2026-04-06 18:49:12,136 INFO o.a.j.t.JMeterThread: Thread is done: users 1-74
2026-04-06 18:49:12,136 INFO o.a.j.t.JMeterThread: Thread finished: users 1-74
2026-04-06 18:49:12,136 INFO o.a.j.t.JMeterThread: Thread is done: users 1-34
2026-04-06 18:49:12,136 INFO o.a.j.t.JMeterThread: Thread finished: users 1-34
2026-04-06 18:49:12,137 INFO o.a.j.t.JMeterThread: Thread is done: users 1-121
2026-04-06 18:49:12,137 INFO o.a.j.t.JMeterThread: Thread finished: users 1-121
2026-04-06 18:49:12,143 INFO o.a.j.t.JMeterThread: Thread is done: users 1-95
2026-04-06 18:49:12,143 INFO o.a.j.t.JMeterThread: Thread finished: users 1-95
2026-04-06 18:49:12,143 INFO o.a.j.t.JMeterThread: Thread is done: users 1-50
2026-04-06 18:49:12,143 INFO o.a.j.t.JMeterThread: Thread finished: users 1-50
2026-04-06 18:49:12,144 INFO o.a.j.t.JMeterThread: Thread is done: users 1-90
2026-04-06 18:49:12,144 INFO o.a.j.t.JMeterThread: Thread finished: users 1-90
2026-04-06 18:49:12,160 INFO o.a.j.t.JMeterThread: Thread is done: users 1-79
2026-04-06 18:49:12,160 INFO o.a.j.t.JMeterThread: Thread finished: users 1-79
2026-04-06 18:49:12,184 INFO o.a.j.t.JMeterThread: Thread is done: users 1-110
2026-04-06 18:49:12,184 INFO o.a.j.t.JMeterThread: Thread finished: users 1-110
2026-04-06 18:49:30,910 INFO o.a.j.r.ResultCollector: Shutdown hook started
2026-04-06 18:49:30,910 INFO o.a.j.r.ResultCollector: Shutdown hook ended
